request_id,problem_id,layer,endpoint_distance,method,e_k,e_total_non_dc,concentration,residual_energy
fc700c69a2653e70ca9db867,iterative-00000,0,0.9793167517247895,raw_centered,17.270451562308054,21.70308744974265,0.7957601240975898,4.432635887434597
fc700c69a2653e70ca9db867,iterative-00000,0,0.9793167517247895,linear_detrend,8.970550167907444,14.519552404671003,0.6178255305598525,5.54900223676356
fc700c69a2653e70ca9db867,iterative-00000,0,0.9793167517247895,quadratic_detrend,1.1153393780188916,7.162645211650012,0.15571612791944475,6.04730583363112
fc700c69a2653e70ca9db867,iterative-00000,0,0.9793167517247895,hann_window,10.834859733712028,17.708295365375626,0.6118522144653757,6.873435631663597
fc700c69a2653e70ca9db867,iterative-00000,0,0.9793167517247895,sine_window,13.950027199199917,19.482026127035237,0.7160460163761635,5.5319989278353185
fc700c69a2653e70ca9db867,iterative-00000,0,0.9793167517247895,nonperiodic_dct_k1,8.050402486901657,21.70308744974266,0.37093351374746975,13.652684962841008
fc700c69a2653e70ca9db867,iterative-00000,0,0.9793167517247895,reflected_boundary,16.220671836954565,41.58253589316342,0.39008375724438216,25.36186405620885
070335b9744877b8b99b2c4c,iterative-00000,1,0.9945095980735905,raw_centered,38.72443623638195,44.047233140832496,0.8791570656110922,5.322796904450547
070335b9744877b8b99b2c4c,iterative-00000,1,0.9945095980735905,linear_detrend,20.485821751432248,28.910232984910465,0.7086010604661923,8.424411233478217
070335b9744877b8b99b2c4c,iterative-00000,1,0.9945095980735905,quadratic_detrend,2.597166537136639,12.264707723023191,0.2117593501442568,9.667541185886552
070335b9744877b8b99b2c4c,iterative-00000,1,0.9945095980735905,hann_window,24.8516434635917,36.750534654606206,0.6762253582745323,11.898891191014508
070335b9744877b8b99b2c4c,iterative-00000,1,0.9945095980735905,sine_window,31.60261383602542,40.130891080138,0.787488465504483,8.528277244112576
070335b9744877b8b99b2c4c,iterative-00000,1,0.9945095980735905,nonperiodic_dct_k1,17.153844917232867,44.04723314083251,0.3894420533155117,26.89338822359965
070335b9744877b8b99b2c4c,iterative-00000,1,0.9945095980735905,reflected_boundary,35.219046595503414,84.83898110277366,0.4151281184393195,49.619934507270244
a346ce202bd189fe6f1f08f1,iterative-00000,2,1.1640928250034006,raw_centered,67.98372335127492,75.00497900791268,0.9063894724122641,7.021255656637763
a346ce202bd189fe6f1f08f1,iterative-00000,2,1.1640928250034006,linear_detrend,36.6853913180628,49.820180412849304,0.7363560511836512,13.134789094786507
a346ce202bd189fe6f1f08f1,iterative-00000,2,1.1640928250034006,quadratic_detrend,4.727329903860701,20.443126929320385,0.2312429952719497,15.715797025459683
a346ce202bd189fe6f1f08f1,iterative-00000,2,1.1640928250034006,hann_window,43.96743937104547,62.25979280050899,0.7061931528093044,18.29235342946352
a346ce202bd189fe6f1f08f1,iterative-00000,2,1.1640928250034006,sine_window,55.955635148693574,69.09720723129605,0.8098103728185081,13.141572082602481
a346ce202bd189fe6f1f08f1,iterative-00000,2,1.1640928250034006,nonperiodic_dct_k1,28.780511827194637,75.00497900791271,0.38371468411661597,46.22446718071809
a346ce202bd189fe6f1f08f1,iterative-00000,2,1.1640928250034006,reflected_boundary,59.16075976293055,144.66038584872697,0.4089630994403377,85.49962608579642
a4ecf2db647388928191109e,iterative-00000,3,1.4229357852721058,raw_centered,104.79124103283078,113.20987292867592,0.925636945983068,8.41863189584514
a4ecf2db647388928191109e,iterative-00000,3,1.4229357852721058,linear_detrend,58.332987032147486,76.32623894333963,0.764258632938152,17.993251911192143
a4ecf2db647388928191109e,iterative-00000,3,1.4229357852721058,quadratic_detrend,7.020920432511062,28.537885560872013,0.2460210451659169,21.51696512836095
a4ecf2db647388928191109e,iterative-00000,3,1.4229357852721058,hann_window,67.41381411725882,93.06579889080449,0.7243672210492329,25.651984773545664
a4ecf2db647388928191109e,iterative-00000,3,1.4229357852721058,sine_window,85.37260457601535,102.9164457076867,0.8295331614783794,17.543841131671357
a4ecf2db647388928191109e,iterative-00000,3,1.4229357852721058,nonperiodic_dct_k1,42.29132410486139,113.20987292867596,0.3735656883168273,70.9185488238146
a4ecf2db647388928191109e,iterative-00000,3,1.4229357852721058,reflected_boundary,87.08744780890449,217.47432310113038,0.4004493338204662,130.3868752922259
9cfce6afcc16c70e8b07aaeb,ontology-00000,0,0.8590032347244585,raw_centered,17.656085258429734,22.669480686943153,0.7788482454562374,5.013395428513421
9cfce6afcc16c70e8b07aaeb,ontology-00000,0,0.8590032347244585,linear_detrend,9.47347903358334,15.362206669971359,0.6166743643737871,5.888727636388019
9cfce6afcc16c70e8b07aaeb,ontology-00000,0,0.8590032347244585,quadratic_detrend,1.0092602848152334,7.549047577009709,0.13369372421083833,6.539787292194475
9cfce6afcc16c70e8b07aaeb,ontology-00000,0,0.8590032347244585,hann_window,11.276523893316732,19.026862345836083,0.592663345556002,7.75033845251935
9cfce6afcc16c70e8b07aaeb,ontology-00000,0,0.8590032347244585,sine_window,14.30091582852702,20.726967267765325,0.6899666335058998,6.4260514392383055
9cfce6afcc16c70e8b07aaeb,ontology-00000,0,0.8590032347244585,nonperiodic_dct_k1,8.116472044988729,22.669480686943153,0.35803519970634085,14.553008641954424
9cfce6afcc16c70e8b07aaeb,ontology-00000,0,0.8590032347244585,reflected_boundary,16.44653406926215,43.49328852732633,0.37813958489087307,27.04675445806418
e9f3b658c2ec680cddc518e2,ontology-00000,1,0.9687279109957211,raw_centered,39.49029316604702,46.073862241735846,0.8571083743501511,6.58356907568883
e9f3b658c2ec680cddc518e2,ontology-00000,1,0.9687279109957211,linear_detrend,21.209583314654537,30.38227088058406,0.6980907845242281,9.172687565929522
e9f3b658c2ec680cddc518e2,ontology-00000,1,0.9687279109957211,quadratic_detrend,2.343188309178613,13.187588153512886,0.17768133808109854,10.844399844334273
e9f3b658c2ec680cddc518e2,ontology-00000,1,0.9687279109957211,hann_window,25.390545312766466,38.691706535365924,0.6562270725784191,13.301161222599461
e9f3b658c2ec680cddc518e2,ontology-00000,1,0.9687279109957211,sine_window,32.190133472823334,42.285088967468816,0.7612644139778958,10.094955494645484
e9f3b658c2ec680cddc518e2,ontology-00000,1,0.9687279109957211,nonperiodic_dct_k1,17.614075884239078,46.07386224173584,0.3823008323422783,28.45978635749676
e9f3b658c2ec680cddc518e2,ontology-00000,1,0.9687279109957211,reflected_boundary,36.20700784868319,89.18245445088152,0.40598801716793637,52.97544660219834
182abc451f6c6fad92751644,ontology-00000,2,1.344071729159339,raw_centered,68.4471697112138,77.38511196769207,0.8845004933221545,8.93794225647827
182abc451f6c6fad92751644,ontology-00000,2,1.344071729159339,linear_detrend,36.976700623605836,50.5911343656921,0.7308928943226313,13.61443374208626
182abc451f6c6fad92751644,ontology-00000,2,1.344071729159339,quadratic_detrend,3.89683497053067,20.411351290973855,0.19091509008783253,16.514516320443185
182abc451f6c6fad92751644,ontology-00000,2,1.344071729159339,hann_window,44.69632875049026,66.7124445469094,0.6699848739474937,22.016115796419136
182abc451f6c6fad92751644,ontology-00000,2,1.344071729159339,sine_window,56.10784294940804,72.21151903968016,0.7769929741898496,16.103676090272124
182abc451f6c6fad92751644,ontology-00000,2,1.344071729159339,nonperiodic_dct_k1,30.109887141336863,77.38511196769205,0.38909147219309587,47.2752248263552
182abc451f6c6fad92751644,ontology-00000,2,1.344071729159339,reflected_boundary,61.300802639524065,148.82621374336566,0.4118951970734841,87.52541110384158
baa6f66d049263e44a86098f,ontology-00000,3,1.2355208315777864,raw_centered,106.25178900071204,118.69889003563058,0.8951371741455861,12.447101034918544
baa6f66d049263e44a86098f,ontology-00000,3,1.2355208315777864,linear_detrend,59.76268691108708,80.62918092618872,0.7412041921372897,20.866494015101644
baa6f66d049263e44a86098f,ontology-00000,3,1.2355208315777864,quadratic_detrend,6.501187968176575,31.945085668923724,0.20351136433172726,25.44389770074715
baa6f66d049263e44a86098f,ontology-00000,3,1.2355208315777864,hann_window,69.24536628319339,102.36980219037451,0.6764237578032978,33.12443590718112
baa6f66d049263e44a86098f,ontology-00000,3,1.2355208315777864,sine_window,86.97785808239705,111.234970695986,0.781929078042502,24.257112613588937
baa6f66d049263e44a86098f,ontology-00000,3,1.2355208315777864,nonperiodic_dct_k1,43.24857649324818,118.69889003563055,0.3643553573269809,75.45031354238239
baa6f66d049263e44a86098f,ontology-00000,3,1.2355208315777864,reflected_boundary,89.35503076617299,229.26783699880565,0.3897408024425095,139.91280623263268
8d9ab915c884decc2b09a822,dependency-00000,0,0.7850544276957571,raw_centered,18.062261357036217,22.40862520271923,0.8060405845354764,4.34636384568301
8d9ab915c884decc2b09a822,dependency-00000,0,0.7850544276957571,linear_detrend,9.425050127591145,14.899734709146907,0.6325649625026634,5.474684581555762
8d9ab915c884decc2b09a822,dependency-00000,0,0.7850544276957571,quadratic_detrend,1.118452193890616,7.179839127129498,0.1557767763437025,6.061386933238882
8d9ab915c884decc2b09a822,dependency-00000,0,0.7850544276957571,hann_window,11.39357008859664,18.32010117526241,0.6219163300244953,6.9265310866657686
8d9ab915c884decc2b09a822,dependency-00000,0,0.7850544276957571,sine_window,14.560210488685758,20.135439651290923,0.7231136116639139,5.575229162605167
8d9ab915c884decc2b09a822,dependency-00000,0,0.7850544276957571,nonperiodic_dct_k1,8.408697478606996,22.40862520271922,0.37524379128741125,13.999927724112226
8d9ab915c884decc2b09a822,dependency-00000,0,0.7850544276957571,reflected_boundary,17.230504982019724,43.14154325103202,0.3993947291537268,25.91103826901229
5aed7efb5e48668e7f3f59fd,dependency-00000,1,1.1136441677856417,raw_centered,41.51488654044509,47.833464593764575,0.8679046540537824,6.318578053319483
5aed7efb5e48668e7f3f59fd,dependency-00000,1,1.1136441677856417,linear_detrend,21.5119992917299,31.187974938269452,0.6897530004531789,9.675975646539552
5aed7efb5e48668e7f3f59fd,dependency-00000,1,1.1136441677856417,quadratic_detrend,2.615546408396074,13.562723916210537,0.19284816417076084,10.947177507814462
5aed7efb5e48668e7f3f59fd,dependency-00000,1,1.1136441677856417,hann_window,26.446909707975763,39.85505413128486,0.6635773124497111,13.408144423309096
5aed7efb5e48668e7f3f59fd,dependency-00000,1,1.1136441677856417,sine_window,33.80143172491189,43.90737759982011,0.769834901846891,10.105945874908214
5aed7efb5e48668e7f3f59fd,dependency-00000,1,1.1136441677856417,nonperiodic_dct_k1,18.833092054015452,47.83346459376456,0.3937220984087045,29.000372539749108
5aed7efb5e48668e7f3f59fd,dependency-00000,1,1.1136441677856417,reflected_boundary,38.278113350717334,92.13479170828205,0.41545775098633553,53.856678357564725
144f25d35e4429b219365473,dependency-00000,2,1.2306530229619117,raw_centered,72.82350593871479,80.65462170544957,0.9029055545591176,7.831115766734779
144f25d35e4429b219365473,dependency-00000,2,1.2306530229619117,linear_detrend,38.88758329748585,53.41479292554601,0.7280302172413287,14.527209628060165
144f25d35e4429b219365473,dependency-00000,2,1.2306530229619117,quadratic_detrend,4.8648770429546335,21.880222142197916,0.22234130034595462,17.015345099243284
144f25d35e4429b219365473,dependency-00000,2,1.2306530229619117,hann_window,47.2365692216722,68.06195681426905,0.6940230847398902,20.825387592596854
144f25d35e4429b219365473,dependency-00000,2,1.2306530229619117,sine_window,59.8341053679318,74.6941876042753,0.8010543696509399,14.860082236343494
144f25d35e4429b219365473,dependency-00000,2,1.2306530229619117,nonperiodic_dct_k1,31.121499268830114,80.65462170544956,0.3858613258702736,49.533122436619436
144f25d35e4429b219365473,dependency-00000,2,1.2306530229619117,reflected_boundary,63.85808585431897,155.50130272364913,0.41065949117998757,91.64321686933015
86aab684d60b75601159cb48,dependency-00000,3,1.3334880785863505,raw_centered,114.72149321047098,124.0646737406051,0.924691048237721,9.343180530134124
86aab684d60b75601159cb48,dependency-00000,3,1.3334880785863505,linear_detrend,63.35811951564567,83.23337873326452,0.7612104720473684,19.875259217618844
86aab684d60b75601159cb48,dependency-00000,3,1.3334880785863505,quadratic_detrend,7.515716811145742,31.316068978016077,0.23999553763985465,23.800352166870333
86aab684d60b75601159cb48,dependency-00000,3,1.3334880785863505,hann_window,73.57070158876846,102.57448965667906,0.717241702444853,29.00378806791061
86aab684d60b75601159cb48,dependency-00000,3,1.3334880785863505,sine_window,93.29354488524694,113.27123325752342,0.8236296383667248,19.977688372276468
86aab684d60b75601159cb48,dependency-00000,3,1.3334880785863505,nonperiodic_dct_k1,46.79477387464321,124.06467374060509,0.37718048549808714,77.26989986596189
86aab684d60b75601159cb48,dependency-00000,3,1.3334880785863505,reflected_boundary,96.409500864428,239.55741532366918,0.4024484098485027,143.14791445924118
1aa3f52259a1e2b427c00d3c,iterative-00001,0,0.873069942625358,raw_centered,19.067242813446935,23.858119248043863,0.7991930384458225,4.790876434596926
1aa3f52259a1e2b427c00d3c,iterative-00001,0,0.873069942625358,linear_detrend,9.526326094173932,15.739938322356391,0.6052327460929826,6.213612228182459
1aa3f52259a1e2b427c00d3c,iterative-00001,0,0.873069942625358,quadratic_detrend,1.2766005452500826,8.098239612514293,0.15763926560994054,6.82163906726421
1aa3f52259a1e2b427c00d3c,iterative-00001,0,0.873069942625358,hann_window,12.139622200313875,19.782381367593988,0.6136582838403921,7.642759167280113
1aa3f52259a1e2b427c00d3c,iterative-00001,0,0.873069942625358,sine_window,15.618947970692766,21.9007130958926,0.7131707493863314,6.281765125199833
1aa3f52259a1e2b427c00d3c,iterative-00001,0,0.873069942625358,nonperiodic_dct_k1,9.13721648239368,23.858119248043863,0.3829814239503746,14.720902765650182
1aa3f52259a1e2b427c00d3c,iterative-00001,0,0.873069942625358,reflected_boundary,18.572232092269605,46.149163648685104,0.4024391911769515,27.576931556415502
e924c81556dc85c39f0cbe95,iterative-00001,1,0.9640461750812821,raw_centered,43.76264830552764,50.10759946716338,0.8733734756981577,6.3449511616357395
e924c81556dc85c39f0cbe95,iterative-00001,1,0.9640461750812821,linear_detrend,23.174988929884904,33.19650051275801,0.6981154209606625,10.0215115828731
e924c81556dc85c39f0cbe95,iterative-00001,1,0.9640461750812821,quadratic_detrend,2.8606712437786044,14.276972557389112,0.20036959742547455,11.416301313610507
e924c81556dc85c39f0cbe95,iterative-00001,1,0.9640461750812821,hann_window,27.761292528206805,41.07994793560434,0.6757869452932256,13.318655407397529
e924c81556dc85c39f0cbe95,iterative-00001,1,0.9640461750812821,sine_window,35.48043655636076,45.380145247295395,0.7818493388025317,9.899708690934638
e924c81556dc85c39f0cbe95,iterative-00001,1,0.9640461750812821,nonperiodic_dct_k1,19.21958116729109,50.10759946716339,0.38356619298607797,30.888018299872293
e924c81556dc85c39f0cbe95,iterative-00001,1,0.9640461750812821,reflected_boundary,39.484376688971,96.88574508891412,0.40753545996612134,57.401368399943124
7bb8eb593186f54fd607d810,iterative-00001,2,1.2595100907299617,raw_centered,75.86628643607702,83.85097569654471,0.9047752373286132,7.984689260467691
7bb8eb593186f54fd607d810,iterative-00001,2,1.2595100907299617,linear_detrend,40.70679944167347,55.188803428017685,0.7375916293377699,14.482003986344218
7bb8eb593186f54fd607d810,iterative-00001,2,1.2595100907299617,quadratic_detrend,4.925522813352515,22.003398974641136,0.2238528156049512,17.07787616128862
7bb8eb593186f54fd607d810,iterative-00001,2,1.2595100907299617,hann_window,48.8926865242407,70.048658091749,0.697981772330336,21.1559715675083
7bb8eb593186f54fd607d810,iterative-00001,2,1.2595100907299617,sine_window,61.92833080547097,76.97233663331254,0.8045530837980208,15.044005827841564
7bb8eb593186f54fd607d810,iterative-00001,2,1.2595100907299617,nonperiodic_dct_k1,32.623739820666486,83.85097569654472,0.3890681002774643,51.22723587587823
7bb8eb593186f54fd607d810,iterative-00001,2,1.2595100907299617,reflected_boundary,66.67446478548398,161.60984895617736,0.41256436545252656,94.9353841706934
9032137bcd510f01bd5090f0,iterative-00001,3,1.3456046889420916,raw_centered,115.56394284214306,126.02145066560725,0.9170180332932942,10.457507823464178
9032137bcd510f01bd5090f0,iterative-00001,3,1.3456046889420916,linear_detrend,62.451428306718,83.91900096267494,0.7441869849534413,21.46757265595694
9032137bcd510f01bd5090f0,iterative-00001,3,1.3456046889420916,quadratic_detrend,8.08344921067808,33.811094903748256,0.2390768247431691,25.72764569307018
9032137bcd510f01bd5090f0,iterative-00001,3,1.3456046889420916,hann_window,75.66940832209096,107.9460354576718,0.700992935972741,32.27662713558083
9032137bcd510f01bd5090f0,iterative-00001,3,1.3456046889420916,sine_window,95.4557583649781,118.08262928565675,0.8083810374348847,22.626870920678652
9032137bcd510f01bd5090f0,iterative-00001,3,1.3456046889420916,nonperiodic_dct_k1,48.294165744483244,126.02145066560728,0.38322178874634466,77.72728492112402
9032137bcd510f01bd5090f0,iterative-00001,3,1.3456046889420916,reflected_boundary,99.47923473522962,243.67817254453828,0.4082402362774093,144.19893780930866
1f666df1f6ec10544d07a408,ontology-00001,0,0.9709017167504175,raw_centered,19.542596093639055,24.64904308444656,0.7928338648558064,5.106446990807507
1f666df1f6ec10544d07a408,ontology-00001,0,0.9709017167504175,linear_detrend,10.229946162681431,16.20122933740744,0.6314302420904099,5.971283174726011
1f666df1f6ec10544d07a408,ontology-00001,0,0.9709017167504175,quadratic_detrend,1.0176145229315443,7.752735746997844,0.13125876543974863,6.7351212240663
1f666df1f6ec10544d07a408,ontology-00001,0,0.9709017167504175,hann_window,12.419309281586429,20.791583591759228,0.5973238751524843,8.372274310172799
1f666df1f6ec10544d07a408,ontology-00001,0,0.9709017167504175,sine_window,15.762538304979433,22.559609356328867,0.6987061724345601,6.797071051349433
1f666df1f6ec10544d07a408,ontology-00001,0,0.9709017167504175,nonperiodic_dct_k1,9.344481657069574,24.64904308444655,0.3791011937078363,15.304561427376978
1f666df1f6ec10544d07a408,ontology-00001,0,0.9709017167504175,reflected_boundary,18.80365725030468,47.5989697067814,0.3950433668236675,28.795312456476722
fa2204e0351c9373e98b6103,ontology-00001,1,0.9889740709208127,raw_centered,44.774170789391654,52.45364349535524,0.8535950566209266,7.679472705963583
fa2204e0351c9373e98b6103,ontology-00001,1,0.9889740709208127,linear_detrend,24.82423121869697,35.23049123871222,0.704623476592896,10.406260020015248
fa2204e0351c9373e98b6103,ontology-00001,1,0.9889740709208127,quadratic_detrend,2.420798691198219,14.91991259663191,0.16225287350173226,12.499113905433692
fa2204e0351c9373e98b6103,ontology-00001,1,0.9889740709208127,hann_window,28.91429303544094,44.61949091310595,0.6480193396143844,15.705197877665007
fa2204e0351c9373e98b6103,ontology-00001,1,0.9889740709208127,sine_window,36.34558311372199,48.557516193379755,0.7485058125497219,12.211933079657765
fa2204e0351c9373e98b6103,ontology-00001,1,0.9889740709208127,nonperiodic_dct_k1,19.297472211539827,52.45364349535522,0.36789574423459487,33.15617128381539
fa2204e0351c9373e98b6103,ontology-00001,1,0.9889740709208127,reflected_boundary,39.29643064618547,101.67590845175778,0.386487135886575,62.37947780557231
9276506c54a9edc76c114329,ontology-00001,2,1.0674063632774253,raw_centered,77.86364378455409,88.04192659474496,0.8843927750804308,10.17828281019088
9276506c54a9edc76c114329,ontology-00001,2,1.0674063632774253,linear_detrend,43.600950222106846,59.392115666344836,0.7341201729039227,15.791165444237993
9276506c54a9edc76c114329,ontology-00001,2,1.0674063632774253,quadratic_detrend,4.531179602348201,23.93177275897485,0.1893373987787397,19.400593156626652
9276506c54a9edc76c114329,ontology-00001,2,1.0674063632774253,hann_window,50.80420376858197,76.29484826833371,0.6658929786438585,25.490644499751745
9276506c54a9edc76c114329,ontology-00001,2,1.0674063632774253,sine_window,63.65192179230186,82.51865894620434,0.7713639873110141,18.86673715390247
9276506c54a9edc76c114329,ontology-00001,2,1.0674063632774253,nonperiodic_dct_k1,32.36717704283285,88.04192659474492,0.36763367516726736,55.67474955191207
9276506c54a9edc76c114329,ontology-00001,2,1.0674063632774253,reflected_boundary,66.44798880974682,170.62573464111074,0.38943708549892314,104.17774583136392
f2ae7087ba3ca07560d59279,ontology-00001,3,1.3775985194738922,raw_centered,117.67751001022198,130.7017930721324,0.9003511523769034,13.024283061910417
f2ae7087ba3ca07560d59279,ontology-00001,3,1.3775985194738922,linear_detrend,65.84558371803419,88.0700046030293,0.7476505084203133,22.22442088499512
f2ae7087ba3ca07560d59279,ontology-00001,3,1.3775985194738922,quadratic_detrend,7.003745762096436,34.23200819544181,0.20459640352122332,27.22826243334537
f2ae7087ba3ca07560d59279,ontology-00001,3,1.3775985194738922,hann_window,76.45995138296186,111.33380857425408,0.6867630988476147,34.87385719129221
f2ae7087ba3ca07560d59279,ontology-00001,3,1.3775985194738922,sine_window,95.96785696470238,121.60657432575849,0.7891666836007125,25.63871736105611
f2ae7087ba3ca07560d59279,ontology-00001,3,1.3775985194738922,nonperiodic_dct_k1,48.38120595777406,130.70179307213232,0.3701648219246174,82.32058711435828
f2ae7087ba3ca07560d59279,ontology-00001,3,1.3775985194738922,reflected_boundary,99.22809297099263,253.10340666608158,0.39204566338336133,153.87531369508895
92cfc89eb9267c2c7a9f9d31,dependency-00001,0,0.7436344820857064,raw_centered,20.350581592946526,24.94812464815356,0.8157158856608766,4.597543055207035
92cfc89eb9267c2c7a9f9d31,dependency-00001,0,0.7436344820857064,linear_detrend,10.768753467425029,16.738398473188106,0.6433562616324751,5.969645005763075
92cfc89eb9267c2c7a9f9d31,dependency-00001,0,0.7436344820857064,quadratic_detrend,1.2457360174424035,8.121602587889036,0.15338549306759353,6.875866570446632
92cfc89eb9267c2c7a9f9d31,dependency-00001,0,0.7436344820857064,hann_window,13.021127811772182,21.130286019117257,0.6162305517299456,8.109158207345073
92cfc89eb9267c2c7a9f9d31,dependency-00001,0,0.7436344820857064,sine_window,16.569143474793343,23.035329703875703,0.7192926555770365,6.46618622908236
92cfc89eb9267c2c7a9f9d31,dependency-00001,0,0.7436344820857064,nonperiodic_dct_k1,9.231518521661542,24.94812464815353,0.37002855532649376,15.716606126491987
92cfc89eb9267c2c7a9f9d31,dependency-00001,0,0.7436344820857064,reflected_boundary,18.871929842809863,48.498478626055274,0.3891241617767186,29.626548783245415
d6c8f9b738a7e327beda3066,dependency-00001,1,1.0975479879862997,raw_centered,47.774032366977686,54.094612030028095,0.8831569462122801,6.320579663050409
d6c8f9b738a7e327beda3066,dependency-00001,1,1.0975479879862997,linear_detrend,26.160597632392793,35.808739874343814,0.7305645974751626,9.64814224195102
d6c8f9b738a7e327beda3066,dependency-00001,1,1.0975479879862997,quadratic_detrend,2.8021457359565747,14.447115280032648,0.19395884103101324,11.644969544076073
d6c8f9b738a7e327beda3066,dependency-00001,1,1.0975479879862997,hann_window,30.334895412662682,43.90644611449826,0.6908984465186732,13.571550701835577
d6c8f9b738a7e327beda3066,dependency-00001,1,1.0975479879862997,sine_window,38.5488508447866,48.800062323438056,0.7899344592900668,10.251211478651454
d6c8f9b738a7e327beda3066,dependency-00001,1,1.0975479879862997,nonperiodic_dct_k1,20.619430069065125,54.09461203002804,0.38117345323817525,33.47518196096291
d6c8f9b738a7e327beda3066,dependency-00001,1,1.0975479879862997,reflected_boundary,41.92003519575847,104.89666573638192,0.3996317223381401,62.97663054062344
0692e149ed7485f175ad30ad,dependency-00001,2,1.2497673391703958,raw_centered,80.46776913520011,89.3796451336135,0.900291884297694,8.911875998413377
0692e149ed7485f175ad30ad,dependency-00001,2,1.2497673391703958,linear_detrend,44.24050962693319,59.08201027155569,0.7487983131175251,14.841500644622503
0692e149ed7485f175ad30ad,dependency-00001,2,1.2497673391703958,quadratic_detrend,4.748719696092131,23.00700140482223,0.20640324275795485,18.2582817087301
0692e149ed7485f175ad30ad,dependency-00001,2,1.2497673391703958,hann_window,51.96951537770796,74.36953364315971,0.6988011465429965,22.400018265451763
0692e149ed7485f175ad30ad,dependency-00001,2,1.2497673391703958,sine_window,65.42629090631141,81.85557894187149,0.7992893306975803,16.429288035560074
0692e149ed7485f175ad30ad,dependency-00001,2,1.2497673391703958,nonperiodic_dct_k1,34.25449032011885,89.37964513361338,0.3832471058585196,55.12515481349452
0692e149ed7485f175ad30ad,dependency-00001,2,1.2497673391703958,reflected_boundary,70.00400107276026,172.99782210209077,0.40465249921729635,102.99382102933049
78b11472f5674e973e4c4f17,dependency-00001,3,1.4556820565905373,raw_centered,122.1346154356754,133.63000759117082,0.913975967204428,11.495392155495422
78b11472f5674e973e4c4f17,dependency-00001,3,1.4556820565905373,linear_detrend,69.09241549623206,90.23955472234078,0.7656555454958015,21.147139226108727
78b11472f5674e973e4c4f17,dependency-00001,3,1.4556820565905373,quadratic_detrend,7.355910146985165,33.91087978725738,0.21691888246878455,26.554969640272216
78b11472f5674e973e4c4f17,dependency-00001,3,1.4556820565905373,hann_window,79.81128894843462,113.23037161390276,0.7048576085273146,33.41908266546814
78b11472f5674e973e4c4f17,dependency-00001,3,1.4556820565905373,sine_window,99.70557781345127,123.75769127673718,0.8056515662569814,24.052113463285902
78b11472f5674e973e4c4f17,dependency-00001,3,1.4556820565905373,nonperiodic_dct_k1,49.33726443863753,133.63000759117068,0.36920797452605536,84.29274315253312
78b11472f5674e973e4c4f17,dependency-00001,3,1.4556820565905373,reflected_boundary,100.74352922956949,258.62959421951933,0.3895282345146492,157.88606498994986
7849bdfe4a71d1fd0bf8a45f,iterative-00002,0,0.7017443007714361,raw_centered,20.538528553591924,25.925467668652193,0.7922143899616556,5.386939115060268
7849bdfe4a71d1fd0bf8a45f,iterative-00002,0,0.7017443007714361,linear_detrend,11.11546569060208,17.891275435210744,0.6212785517083036,6.775809744608662
7849bdfe4a71d1fd0bf8a45f,iterative-00002,0,0.7017443007714361,quadratic_detrend,1.246770261495242,9.213585177645903,0.13531868837769787,7.9668149161506605
7849bdfe4a71d1fd0bf8a45f,iterative-00002,0,0.7017443007714361,hann_window,13.88469312777405,23.402401529321843,0.5933020639090112,9.517708401547793
7849bdfe4a71d1fd0bf8a45f,iterative-00002,0,0.7017443007714361,sine_window,17.195501205007623,24.955786665185443,0.6890386360369156,7.760285460177821
7849bdfe4a71d1fd0bf8a45f,iterative-00002,0,0.7017443007714361,nonperiodic_dct_k1,9.035552531765866,25.925467668652185,0.34852032940147176,16.88991513688632
7849bdfe4a71d1fd0bf8a45f,iterative-00002,0,0.7017443007714361,reflected_boundary,18.430502524866,50.506095884601834,0.3649163967647922,32.075593359735834
86296e6c0b54e27eb0ffc7c5,iterative-00002,1,1.098742637097536,raw_centered,46.31267810206985,54.66175670562917,0.8472592337541995,8.349078603559317
86296e6c0b54e27eb0ffc7c5,iterative-00002,1,1.098742637097536,linear_detrend,24.72223924433137,35.88198505592632,0.6889875018285313,11.159745811594954
86296e6c0b54e27eb0ffc7c5,iterative-00002,1,1.098742637097536,quadratic_detrend,2.553856229295409,15.988728021304192,0.15972854287673927,13.434871792008783
86296e6c0b54e27eb0ffc7c5,iterative-00002,1,1.098742637097536,hann_window,30.601708556893954,48.35394407011299,0.6328689240431271,17.752235513219034
86296e6c0b54e27eb0ffc7c5,iterative-00002,1,1.098742637097536,sine_window,38.189798104847966,51.844502434786364,0.7366219427582656,13.654704329938394
86296e6c0b54e27eb0ffc7c5,iterative-00002,1,1.098742637097536,nonperiodic_dct_k1,20.990591149118153,54.66175670562916,0.38400871860301017,33.671165556511
86296e6c0b54e27eb0ffc7c5,iterative-00002,1,1.098742637097536,reflected_boundary,42.5233018961263,105.95082276163164,0.4013494259671329,63.42752086550534
dcaaa622780ee454bd9a83db,iterative-00002,2,1.0602258232320234,raw_centered,80.18351507559873,91.38608650939963,0.8774149122509076,11.202571433800896
dcaaa622780ee454bd9a83db,iterative-00002,2,1.0602258232320234,linear_detrend,44.0838460230985,61.30029606980152,0.7191457276633875,17.216450046703013
dcaaa622780ee454bd9a83db,iterative-00002,2,1.0602258232320234,quadratic_detrend,4.768214794871936,26.084948391082527,0.18279563844189972,21.31673359621059
dcaaa622780ee454bd9a83db,iterative-00002,2,1.0602258232320234,hann_window,54.00482214105219,82.64988170678029,0.6534168110808298,28.64505956572811
dcaaa622780ee454bd9a83db,iterative-00002,2,1.0602258232320234,sine_window,66.75056800726608,88.30174353336493,0.7559371461566248,21.551175526098845
dcaaa622780ee454bd9a83db,iterative-00002,2,1.0602258232320234,nonperiodic_dct_k1,34.00614606617255,91.3860865093996,0.3721151366151872,57.37994044322705
dcaaa622780ee454bd9a83db,iterative-00002,2,1.0602258232320234,reflected_boundary,69.77958369058888,177.70448878551065,0.3926720375353762,107.92490509492175
1c3846135b6905e05e4675b9,iterative-00002,3,1.3291253375560936,raw_centered,122.52388728086521,136.98639390334216,0.8944237729720681,14.462506622476962
1c3846135b6905e05e4675b9,iterative-00002,3,1.3291253375560936,linear_detrend,69.46804671483139,93.21271399401336,0.7452636420316333,23.744667279181964
1c3846135b6905e05e4675b9,iterative-00002,3,1.3291253375560936,quadratic_detrend,7.260057179856686,37.86241144382648,0.1917484096497094,30.602354263969794
1c3846135b6905e05e4675b9,iterative-00002,3,1.3291253375560936,hann_window,82.87810868046263,123.86128626906793,0.6691203617926573,40.98317758860531
1c3846135b6905e05e4675b9,iterative-00002,3,1.3291253375560936,sine_window,102.0164717210851,132.54171450245235,0.7696933158292406,30.52524278136724
1c3846135b6905e05e4675b9,iterative-00002,3,1.3291253375560936,nonperiodic_dct_k1,49.630480798219835,136.9863939033421,0.3623022650938546,87.35591310512228
1c3846135b6905e05e4675b9,iterative-00002,3,1.3291253375560936,reflected_boundary,101.7193163119295,266.05252279390527,0.3823279525551625,164.33320648197576
7837d23e481ad0432ae4a655,ontology-00002,0,0.7295680496430816,raw_centered,20.990917961626614,26.97668684170329,0.7781132681266378,5.985768880076676
7837d23e481ad0432ae4a655,ontology-00002,0,0.7295680496430816,linear_detrend,10.692440088113582,18.166916336376165,0.5885665949098795,7.474476248262583
7837d23e481ad0432ae4a655,ontology-00002,0,0.7295680496430816,quadratic_detrend,1.3480325300210452,9.840223711108534,0.13699206131861252,8.492191181087488
7837d23e481ad0432ae4a655,ontology-00002,0,0.7295680496430816,hann_window,13.805584435792486,24.164693708949827,0.571312204577182,10.359109273157339
7837d23e481ad0432ae4a655,ontology-00002,0,0.7295680496430816,sine_window,17.44499496051445,25.937083666266297,0.6725889149674666,8.492088705751845
7837d23e481ad0432ae4a655,ontology-00002,0,0.7295680496430816,nonperiodic_dct_k1,9.904360022218652,26.976686841703305,0.36714516057277596,17.072326819484648
7837d23e481ad0432ae4a655,ontology-00002,0,0.7295680496430816,reflected_boundary,20.411156649099155,52.74333402880093,0.38699026189647917,32.332177379701776
f3e43c169c764a0656c78eef,ontology-00002,1,0.8788236480901837,raw_centered,45.626501875259805,53.72840391337667,0.8492063517989644,8.10190203811686
f3e43c169c764a0656c78eef,ontology-00002,1,0.8788236480901837,linear_detrend,23.874606074085392,35.27521501206577,0.6768096541982568,11.400608937980383
f3e43c169c764a0656c78eef,ontology-00002,1,0.8788236480901837,quadratic_detrend,2.786413166492613,16.139768225704728,0.17264270016312128,13.353355059212113
f3e43c169c764a0656c78eef,ontology-00002,1,0.8788236480901837,hann_window,29.56738200865077,46.336336733751864,0.6381035725492211,16.768954725101096
f3e43c169c764a0656c78eef,ontology-00002,1,0.8788236480901837,sine_window,37.36708834216128,50.40674968813097,0.7413112048158885,13.039661345969687
f3e43c169c764a0656c78eef,ontology-00002,1,0.8788236480901837,nonperiodic_dct_k1,20.78896360566293,53.728403913376695,0.38692687836362705,32.93944030771375
f3e43c169c764a0656c78eef,ontology-00002,1,0.8788236480901837,reflected_boundary,42.680885537441654,104.58049612767869,0.4081151564373346,61.89961059023703
52fb4cff42ce2345a1f86567,ontology-00002,2,1.2315622415498753,raw_centered,81.83017539086735,92.71781658552435,0.8825722865829777,10.887641194656988
52fb4cff42ce2345a1f86567,ontology-00002,2,1.2315622415498753,linear_detrend,43.749573988393614,60.353476508614655,0.7248890456566979,16.60390252022104
52fb4cff42ce2345a1f86567,ontology-00002,2,1.2315622415498753,quadratic_detrend,4.745551814596876,25.08388384620513,0.1891872823081509,20.338332031608253
52fb4cff42ce2345a1f86567,ontology-00002,2,1.2315622415498753,hann_window,53.77836020395833,81.05354432847292,0.6634917775590324,27.275184124514603
52fb4cff42ce2345a1f86567,ontology-00002,2,1.2315622415498753,sine_window,67.39125279416784,87.46180836800976,0.7705220604473235,20.07055557384192
52fb4cff42ce2345a1f86567,ontology-00002,2,1.2315622415498753,nonperiodic_dct_k1,36.39335590467424,92.71781658552439,0.392517395738115,56.32446068085014
52fb4cff42ce2345a1f86567,ontology-00002,2,1.2315622415498753,reflected_boundary,74.1549051019696,180.46541189137048,0.4109092391987362,106.31050678940088
46c31aa6316bd140c9e2538a,ontology-00002,3,1.3911394623600188,raw_centered,126.00459364554922,141.70742955696653,0.889188337121698,15.702835911417317
46c31aa6316bd140c9e2538a,ontology-00002,3,1.3911394623600188,linear_detrend,70.30419948519936,95.45531730179684,0.7365142296151161,25.151117816597477
46c31aa6316bd140c9e2538a,ontology-00002,3,1.3911394623600188,quadratic_detrend,7.370797660504976,38.51204911667915,0.19138939188028722,31.141251456174178
46c31aa6316bd140c9e2538a,ontology-00002,3,1.3911394623600188,hann_window,83.39461946105202,124.08271464825549,0.6720889343649162,40.68809518720348
46c31aa6316bd140c9e2538a,ontology-00002,3,1.3911394623600188,sine_window,103.69101406863399,134.16431423953708,0.7728658299069302,30.473300170903094
46c31aa6316bd140c9e2538a,ontology-00002,3,1.3911394623600188,nonperiodic_dct_k1,52.34020222622948,141.7074295569666,0.36935397381679724,89.36722733073711
46c31aa6316bd140c9e2538a,ontology-00002,3,1.3911394623600188,reflected_boundary,107.17437454732944,274.92412835474994,0.38983255194333605,167.74975380742052
280427ebed277a9092a537a8,dependency-00002,0,0.7303148430651695,raw_centered,24.670691591859946,29.62401534381628,0.832793640751665,4.953323751956334
280427ebed277a9092a537a8,dependency-00002,0,0.7303148430651695,linear_detrend,12.274051825395725,19.30742030757184,0.6357168192263458,7.033368482176112
280427ebed277a9092a537a8,dependency-00002,0,0.7303148430651695,quadratic_detrend,1.748752096084857,9.464357143412236,0.18477241185917143,7.71560504732738
280427ebed277a9092a537a8,dependency-00002,0,0.7303148430651695,hann_window,15.463995990711986,23.951668250891338,0.6456333575067995,8.48767226017935
280427ebed277a9092a537a8,dependency-00002,0,0.7303148430651695,sine_window,19.99406735000695,26.566214443124203,0.7526125859148052,6.572147093117254
280427ebed277a9092a537a8,dependency-00002,0,0.7303148430651695,nonperiodic_dct_k1,11.699806505806919,29.624015343816275,0.3949433042759053,17.924208838009356
280427ebed277a9092a537a8,dependency-00002,0,0.7303148430651695,reflected_boundary,23.973723988514564,57.64101175576726,0.4159143508808358,33.667287767252695
4519071df96ddf034bf1ef2e,dependency-00002,1,0.9008556801600903,raw_centered,53.50218379785899,59.022373211540845,0.906472933680639,5.520189413681853
4519071df96ddf034bf1ef2e,dependency-00002,1,0.9008556801600903,linear_detrend,26.823796128977982,37.325876193589224,0.7186380833997679,10.50208006461124
4519071df96ddf034bf1ef2e,dependency-00002,1,0.9008556801600903,quadratic_detrend,3.728637571748724,15.492402879360478,0.24067522648253264,11.763765307611754
4519071df96ddf034bf1ef2e,dependency-00002,1,0.9008556801600903,hann_window,33.55355403705275,47.20681887497504,0.7107776977287477,13.653264837922293
4519071df96ddf034bf1ef2e,dependency-00002,1,0.9008556801600903,sine_window,43.324910729387696,52.61099980259866,0.8234952936067889,9.286089073210967
4519071df96ddf034bf1ef2e,dependency-00002,1,0.9008556801600903,nonperiodic_dct_k1,24.737888061004284,59.022373211540845,0.4191273023255392,34.28448515053657
4519071df96ddf034bf1ef2e,dependency-00002,1,0.9008556801600903,reflected_boundary,50.71688925423112,114.71815815974117,0.44209992618264987,64.00126890551005
f6551878cdc2da364ccf8a08,dependency-00002,2,1.2579580251296045,raw_centered,90.03476886062151,97.53191636593004,0.9231313421836194,7.497147505308529
f6551878cdc2da364ccf8a08,dependency-00002,2,1.2579580251296045,linear_detrend,47.2295304072435,62.463665896819364,0.7561120489671488,15.234135489575863
f6551878cdc2da364ccf8a08,dependency-00002,2,1.2579580251296045,quadratic_detrend,5.876464956126126,23.655815012208357,0.24841523968180274,17.77935005608223
f6551878cdc2da364ccf8a08,dependency-00002,2,1.2579580251296045,hann_window,57.24822744223667,79.26948424138266,0.7221975516821921,22.021256799145988
f6551878cdc2da364ccf8a08,dependency-00002,2,1.2579580251296045,sine_window,72.75130343840476,87.18554075910644,0.8344423032187933,14.434237320701683
f6551878cdc2da364ccf8a08,dependency-00002,2,1.2579580251296045,nonperiodic_dct_k1,39.89963804710993,97.53191636593004,0.4090931413406301,57.63227831882011
f6551878cdc2da364ccf8a08,dependency-00002,2,1.2579580251296045,reflected_boundary,81.56087688286513,189.0112736924665,0.4315132917180905,107.45039680960134
9493fa9a1a30c2426c84a293,dependency-00002,3,1.2994056667614755,raw_centered,138.613653306841,147.40703301347702,0.9403462675635561,8.793379706636028
9493fa9a1a30c2426c84a293,dependency-00002,3,1.2994056667614755,linear_detrend,74.33664279450636,96.68462071305797,0.7688569520805562,22.347977918551614
9493fa9a1a30c2426c84a293,dependency-00002,3,1.2994056667614755,quadratic_detrend,9.76400407946165,36.57067029936135,0.266990022319393,26.806666219899704
9493fa9a1a30c2426c84a293,dependency-00002,3,1.2994056667614755,hann_window,89.22781944771688,121.14483337671622,0.7365383810488304,31.917013928999335
9493fa9a1a30c2426c84a293,dependency-00002,3,1.2994056667614755,sine_window,113.14274000410097,133.6637519368669,0.8464728721481755,20.521011932765944
9493fa9a1a30c2426c84a293,dependency-00002,3,1.2994056667614755,nonperiodic_dct_k1,58.31273600716683,147.40703301347702,0.39558991735377685,89.09429700631017
9493fa9a1a30c2426c84a293,dependency-00002,3,1.2994056667614755,reflected_boundary,119.8396694834106,286.90103399649405,0.41770386050569286,167.06136451308345
d99de10874f8d923dd048f3c,iterative-00003,0,1.0511676247945803,raw_centered,22.96696818365389,28.432068984484438,0.8077839216058146,5.465100800830548
d99de10874f8d923dd048f3c,iterative-00003,0,1.0511676247945803,linear_detrend,11.735654044286607,18.582454220291588,0.6315448920343125,6.8468001760049795
d99de10874f8d923dd048f3c,iterative-00003,0,1.0511676247945803,quadratic_detrend,1.4313352822808207,8.99749650302791,0.1590815047051295,7.566161220747091
d99de10874f8d923dd048f3c,iterative-00003,0,1.0511676247945803,hann_window,14.737516847102878,23.689963491536762,0.6220996014775563,8.952446644433884
d99de10874f8d923dd048f3c,iterative-00003,0,1.0511676247945803,sine_window,18.665225679057727,25.75967902694159,0.7245907706977288,7.094453347883862
d99de10874f8d923dd048f3c,iterative-00003,0,1.0511676247945803,nonperiodic_dct_k1,11.000289933699733,28.43206898448444,0.38689727222111975,17.431779050784705
d99de10874f8d923dd048f3c,iterative-00003,0,1.0511676247945803,reflected_boundary,21.956523620765612,54.900870770352,0.39993033466825717,32.94434714958639
af9a710b8c531ffb68cc82eb,iterative-00003,1,1.0629141261226929,raw_centered,52.96765040203955,60.015838917562974,0.8825611931342869,7.048188515523418
af9a710b8c531ffb68cc82eb,iterative-00003,1,1.0629141261226929,linear_detrend,27.24785962044456,38.329499330591716,0.7108848301260584,11.081639710147156
af9a710b8c531ffb68cc82eb,iterative-00003,1,1.0629141261226929,quadratic_detrend,3.383376323930157,16.081524889628493,0.21038902387373776,12.698148565698336
af9a710b8c531ffb68cc82eb,iterative-00003,1,1.0629141261226929,hann_window,33.49464298581404,48.44619465397257,0.6913782026648297,14.951551668158528
af9a710b8c531ffb68cc82eb,iterative-00003,1,1.0629141261226929,sine_window,42.82337903440509,53.70910721148283,0.7973206269429404,10.885728177077734
af9a710b8c531ffb68cc82eb,iterative-00003,1,1.0629141261226929,nonperiodic_dct_k1,24.483263007297115,60.01583891756298,0.40794669288763963,35.53257591026586
af9a710b8c531ffb68cc82eb,iterative-00003,1,1.0629141261226929,reflected_boundary,49.69982785654591,116.54995956483629,0.42642509737550005,66.85013170829038
2e1fd1cb951cf7d72510d00e,iterative-00003,2,1.120581746199836,raw_centered,91.12654632288009,100.05227358098477,0.9107893610145702,8.92572725810468
2e1fd1cb951cf7d72510d00e,iterative-00003,2,1.120581746199836,linear_detrend,48.46204977516771,65.85726968355507,0.7358648484522424,17.395219908387364
2e1fd1cb951cf7d72510d00e,iterative-00003,2,1.120581746199836,quadratic_detrend,6.31430063000985,26.6546982138744,0.23689259504439286,20.34039758386455
2e1fd1cb951cf7d72510d00e,iterative-00003,2,1.120581746199836,hann_window,58.84529686764685,82.72325820299659,0.7113512952215321,23.87796133534974
2e1fd1cb951cf7d72510d00e,iterative-00003,2,1.120581746199836,sine_window,74.49313804711248,91.29534855678355,0.8159576498114743,16.802210509671067
2e1fd1cb951cf7d72510d00e,iterative-00003,2,1.120581746199836,nonperiodic_dct_k1,39.13741394798668,100.05227358098479,0.39116966109028883,60.9148596329981
2e1fd1cb951cf7d72510d00e,iterative-00003,2,1.120581746199836,reflected_boundary,80.03842192112752,194.3019442381651,0.41192805473433985,114.26352231703757
127c2a3353eaee9264085074,iterative-00003,3,1.4540068973776217,raw_centered,140.39413769319012,151.7958806978254,0.9248876652500715,11.401743004635264
127c2a3353eaee9264085074,iterative-00003,3,1.4540068973776217,linear_detrend,75.90257468714192,99.80520250172904,0.7605071958631312,23.90262781458712
127c2a3353eaee9264085074,iterative-00003,3,1.4540068973776217,quadratic_detrend,9.445245991368232,37.90577214998872,0.24917698428604737,28.46052615862049
127c2a3353eaee9264085074,iterative-00003,3,1.4540068973776217,hann_window,90.19587188902157,123.71390465965231,0.7290681846730022,33.51803277063074
127c2a3353eaee9264085074,iterative-00003,3,1.4540068973776217,sine_window,114.1352004881341,137.20944646057944,0.8318319432979083,23.07424597244535
127c2a3353eaee9264085074,iterative-00003,3,1.4540068973776217,nonperiodic_dct_k1,59.40488801696116,151.7958806978254,0.39134716794598884,92.39099268086423
127c2a3353eaee9264085074,iterative-00003,3,1.4540068973776217,reflected_boundary,121.25951796190083,294.96668278958134,0.4110956424471947,173.7071648276805
26d3e01e282a228c18ede793,ontology-00003,0,0.8103446659676282,raw_centered,23.886099110891248,29.710498018605612,0.8039615861010828,5.824398907714363
26d3e01e282a228c18ede793,ontology-00003,0,0.8103446659676282,linear_detrend,13.018549227325597,20.4734843392649,0.6358736506007471,7.454935111939303
26d3e01e282a228c18ede793,ontology-00003,0,0.8103446659676282,quadratic_detrend,1.4714449113241717,9.901050920300975,0.1486150231090259,8.429606008976803
26d3e01e282a228c18ede793,ontology-00003,0,0.8103446659676282,hann_window,15.504896719942153,25.247690702186148,0.6141114806432422,9.742793982243994
26d3e01e282a228c18ede793,ontology-00003,0,0.8103446659676282,sine_window,19.488825249415612,27.530869725304534,0.7078899229799045,8.042044475888924
26d3e01e282a228c18ede793,ontology-00003,0,0.8103446659676282,nonperiodic_dct_k1,10.399621205877267,29.71049801860562,0.35003187086815934,19.310876812728345
26d3e01e282a228c18ede793,ontology-00003,0,0.8103446659676282,reflected_boundary,21.045630915596018,57.77718354160551,0.364255050619437,36.73155262600949
486e65f884c47e022f821256,ontology-00003,1,0.9352049293047986,raw_centered,52.442795551545515,59.78273965156222,0.8772230221833787,7.339944100016699
486e65f884c47e022f821256,ontology-00003,1,0.9352049293047986,linear_detrend,28.200393967938155,39.20066757311379,0.7193855542215232,11.00027360517564
486e65f884c47e022f821256,ontology-00003,1,0.9352049293047986,quadratic_detrend,3.1055681243849875,16.13544379085055,0.19246871450452266,13.029875666465564
486e65f884c47e022f821256,ontology-00003,1,0.9352049293047986,hann_window,33.48432156105913,48.788843473435634,0.6863110329575767,15.304521912376504
486e65f884c47e022f821256,ontology-00003,1,0.9352049293047986,sine_window,42.370795398207534,53.94711153445007,0.7854136059008456,11.576316136242538
486e65f884c47e022f821256,ontology-00003,1,0.9352049293047986,nonperiodic_dct_k1,23.189194573325814,59.78273965156224,0.38789113226462574,36.59354507823642
486e65f884c47e022f821256,ontology-00003,1,0.9352049293047986,reflected_boundary,47.318347538314676,116.18455307303563,0.40726883468381153,68.86620553472096
2a27c0af4afe841ba49c0b4b,ontology-00003,2,0.9725427759430993,raw_centered,90.73815573813344,100.40017424858002,0.9037649228922208,9.662018510446575
2a27c0af4afe841ba49c0b4b,ontology-00003,2,0.9725427759430993,linear_detrend,50.76517549865659,67.35096249848498,0.7537409060753738,16.585786999828382
2a27c0af4afe841ba49c0b4b,ontology-00003,2,0.9725427759430993,quadratic_detrend,5.423035844623282,25.92325745614,0.20919577154987595,20.500221611516718
2a27c0af4afe841ba49c0b4b,ontology-00003,2,0.9725427759430993,hann_window,58.60480970748644,83.61234164930316,0.7009109965284038,25.00753194181672
2a27c0af4afe841ba49c0b4b,ontology-00003,2,0.9725427759430993,sine_window,73.48163179735687,91.77224480464682,0.8006955910665071,18.29061300728995
2a27c0af4afe841ba49c0b4b,ontology-00003,2,0.9725427759430993,nonperiodic_dct_k1,37.50701410205863,100.40017424858004,0.3735751893138681,62.89316014652138
2a27c0af4afe841ba49c0b4b,ontology-00003,2,0.9725427759430993,reflected_boundary,77.11903375359441,195.46082209787232,0.3945498280723433,118.3417883442779
3ae7d65cd136e39d8d73ca13,ontology-00003,3,1.2758041597282954,raw_centered,143.08681083300638,156.31691602084751,0.9153635734082889,13.230105187841145
3ae7d65cd136e39d8d73ca13,ontology-00003,3,1.2758041597282954,linear_detrend,80.28198961212885,106.04693616098473,0.7570420468372292,25.764946548855878
3ae7d65cd136e39d8d73ca13,ontology-00003,3,1.2758041597282954,quadratic_detrend,9.16161449393205,40.94803315067747,0.22373759589916895,31.78641865674542
3ae7d65cd136e39d8d73ca13,ontology-00003,3,1.2758041597282954,hann_window,93.43311930499256,131.2010188365362,0.7121371475125601,37.76789953154365
3ae7d65cd136e39d8d73ca13,ontology-00003,3,1.2758041597282954,sine_window,116.92345818525146,144.54466537993687,0.8089088440442763,27.621207194685415
3ae7d65cd136e39d8d73ca13,ontology-00003,3,1.2758041597282954,nonperiodic_dct_k1,57.53496633302019,156.31691602084754,0.3680661555870698,98.78194968782734
3ae7d65cd136e39d8d73ca13,ontology-00003,3,1.2758041597282954,reflected_boundary,117.99465655773649,304.1109589379387,0.38799869945435345,186.1163023802022
2909ad00758d69845c59466c,dependency-00003,0,0.669356354261288,raw_centered,25.004488295010276,30.495968454284196,0.8199276678979364,5.4914801592739195
2909ad00758d69845c59466c,dependency-00003,0,0.669356354261288,linear_detrend,12.802599755944037,20.24376455506925,0.6324218858165949,7.4411647991252154
2909ad00758d69845c59466c,dependency-00003,0,0.669356354261288,quadratic_detrend,1.6518407411050229,9.38581057030339,0.17599340288535445,7.733969829198367
2909ad00758d69845c59466c,dependency-00003,0,0.669356354261288,hann_window,15.102628491949465,23.28492994703413,0.648600984684222,8.182301455084666
2909ad00758d69845c59466c,dependency-00003,0,0.669356354261288,sine_window,19.629539977323383,26.265297289744332,0.7473564742397956,6.635757312420948
2909ad00758d69845c59466c,dependency-00003,0,0.669356354261288,nonperiodic_dct_k1,11.601210329750547,30.49596845428419,0.38041783611960567,18.894758124533645
2909ad00758d69845c59466c,dependency-00003,0,0.669356354261288,reflected_boundary,23.81416984936316,59.18532311358625,0.40236613735570725,35.37115326422309
1e95cec5dd9ea510e7662d55,dependency-00003,1,1.1309033436412215,raw_centered,54.56879707946163,61.773466008313946,0.8833695210192244,7.204668928852314
1e95cec5dd9ea510e7662d55,dependency-00003,1,1.1309033436412215,linear_detrend,28.28834076790325,39.63443979294621,0.7137313133649428,11.34609902504296
1e95cec5dd9ea510e7662d55,dependency-00003,1,1.1309033436412215,quadratic_detrend,3.4331293935439122,16.34147482094125,0.2100868759498029,12.908345427397338
1e95cec5dd9ea510e7662d55,dependency-00003,1,1.1309033436412215,hann_window,34.36327829383368,48.581547069909035,0.7073319061738563,14.218268776075353
1e95cec5dd9ea510e7662d55,dependency-00003,1,1.1309033436412215,sine_window,43.99124038144772,54.47287190625775,0.8075807065423712,10.481631524810034
1e95cec5dd9ea510e7662d55,dependency-00003,1,1.1309033436412215,nonperiodic_dct_k1,24.98760151673728,61.77346600831393,0.4045037963933295,36.78586449157666
1e95cec5dd9ea510e7662d55,dependency-00003,1,1.1309033436412215,reflected_boundary,50.528973763562504,119.9919741885414,0.42110294547006255,69.4630004249789
6925abf428ee0f7379167cc9,dependency-00003,2,1.2285216987799963,raw_centered,95.10207771299044,103.66857734353978,0.9173664783480008,8.56649963054934
6925abf428ee0f7379167cc9,dependency-00003,2,1.2285216987799963,linear_detrend,50.81120376859643,67.66393130518333,0.7509348450273106,16.852727536586894
6925abf428ee0f7379167cc9,dependency-00003,2,1.2285216987799963,quadratic_detrend,6.3252568156287206,25.741528275207024,0.24572188364281763,19.416271459578304
6925abf428ee0f7379167cc9,dependency-00003,2,1.2285216987799963,hann_window,60.22565027366038,83.11976752083122,0.724564710296703,22.89411724717084
6925abf428ee0f7379167cc9,dependency-00003,2,1.2285216987799963,sine_window,76.63143676612722,92.44166279697562,0.8289707740808222,15.810226030848394
6925abf428ee0f7379167cc9,dependency-00003,2,1.2285216987799963,nonperiodic_dct_k1,41.05076319028828,103.66857734353975,0.39598077105132007,62.61781415325149
6925abf428ee0f7379167cc9,dependency-00003,2,1.2285216987799963,reflected_boundary,83.69721363084174,201.32906684100982,0.4157234469125995,117.63185321016809
f0819baac6e5a8f48125f42e,dependency-00003,3,1.357242615211145,raw_centered,147.55487089557968,157.7006983029138,0.9356640299217581,10.145827407334114
f0819baac6e5a8f48125f42e,dependency-00003,3,1.357242615211145,linear_detrend,79.97621006721205,103.25333398444627,0.7745629800124362,23.277123917234228
f0819baac6e5a8f48125f42e,dependency-00003,3,1.357242615211145,quadratic_detrend,9.64581114204616,37.21188341041864,0.2592131936903121,27.566072268372483
f0819baac6e5a8f48125f42e,dependency-00003,3,1.357242615211145,hann_window,93.39729292097212,125.90191470413409,0.7418258343445618,32.504621783161966
f0819baac6e5a8f48125f42e,dependency-00003,3,1.357242615211145,sine_window,118.65063651262119,140.07268795350214,0.8470647507814506,21.42205144088095
f0819baac6e5a8f48125f42e,dependency-00003,3,1.357242615211145,nonperiodic_dct_k1,62.23782478595279,157.7006983029138,0.3946578896334718,95.462873516961
f0819baac6e5a8f48125f42e,dependency-00003,3,1.357242615211145,reflected_boundary,127.20895099654678,306.4892581659018,0.41505190673824177,179.280307169355
6050a62d4af70e97de1fcab1,iterative-00004,0,0.7125783286764705,raw_centered,25.852786191511537,31.80633742259258,0.8128187111901751,5.953551231081043
6050a62d4af70e97de1fcab1,iterative-00004,0,0.7125783286764705,linear_detrend,13.2675564472691,21.187039543549552,0.6262109635467425,7.919483096280453
6050a62d4af70e97de1fcab1,iterative-00004,0,0.7125783286764705,quadratic_detrend,1.6625851179702043,10.424897122470735,0.15948216068113735,8.762312004500531
6050a62d4af70e97de1fcab1,iterative-00004,0,0.7125783286764705,hann_window,16.427256938575205,26.034387012661945,0.6309830506316793,9.607130074086738
6050a62d4af70e97de1fcab1,iterative-00004,0,0.7125783286764705,sine_window,20.96662486484237,28.769288157050745,0.7287849720294137,7.802663292208376
6050a62d4af70e97de1fcab1,iterative-00004,0,0.7125783286764705,nonperiodic_dct_k1,11.984937282987532,31.806337422592588,0.37680972580245675,19.821400139605046
6050a62d4af70e97de1fcab1,iterative-00004,0,0.7125783286764705,reflected_boundary,24.479773582518256,62.131711652563965,0.39399805560496026,37.65193807004571
fa2a2abf2be0020781211cae,iterative-00004,1,1.0178018321613538,raw_centered,55.87399339218187,64.36569214383597,0.8680710411273451,8.491698751654093
fa2a2abf2be0020781211cae,iterative-00004,1,1.0178018321613538,linear_detrend,29.50490941123908,41.997786844726065,0.7025348626184621,12.492877433486985
fa2a2abf2be0020781211cae,iterative-00004,1,1.0178018321613538,quadratic_detrend,3.3470434797946984,17.695875776895537,0.18914257321837305,14.348832297100838
fa2a2abf2be0020781211cae,iterative-00004,1,1.0178018321613538,hann_window,35.16839475449116,52.46975159607256,0.6702603630607538,17.301356841581402
fa2a2abf2be0020781211cae,iterative-00004,1,1.0178018321613538,sine_window,44.81332185991556,57.82452851642898,0.7749881064258621,13.011206656513416
fa2a2abf2be0020781211cae,iterative-00004,1,1.0178018321613538,nonperiodic_dct_k1,25.212330997235235,64.36569214383596,0.3917044959431811,39.15336114660073
fa2a2abf2be0020781211cae,iterative-00004,1,1.0178018321613538,reflected_boundary,51.32729865777601,125.52979460554683,0.40888538708329886,74.20249594777081
1600fd0b41f53799a066c16e,iterative-00004,2,1.1364712603093101,raw_centered,96.65351608815715,107.32109249617778,0.9006013062306409,10.667576408020631
1600fd0b41f53799a066c16e,iterative-00004,2,1.1364712603093101,linear_detrend,51.92004264735637,70.30938012909556,0.7384511505011935,18.389337481739194
1600fd0b41f53799a066c16e,iterative-00004,2,1.1364712603093101,quadratic_detrend,6.071538035400765,28.137035109726185,0.21578457046819424,22.06549707432542
1600fd0b41f53799a066c16e,iterative-00004,2,1.1364712603093101,hann_window,62.497739009466926,89.72315221512645,0.6965620073135417,27.225413205659514
1600fd0b41f53799a066c16e,iterative-00004,2,1.1364712603093101,sine_window,78.70980427016502,98.31789801900308,0.8005643515176843,19.608093748838066
1600fd0b41f53799a066c16e,iterative-00004,2,1.1364712603093101,nonperiodic_dct_k1,41.979039160980236,107.32109249617777,0.3911536696523595,65.34205333519753
1600fd0b41f53799a066c16e,iterative-00004,2,1.1364712603093101,reflected_boundary,85.67104995494188,209.45382374779513,0.4090211790933882,123.78277379285325
64dd9786c062c9e622ceab77,iterative-00004,3,1.1850457382439195,raw_centered,146.61164453142857,160.4237693519245,0.9139022547824815,13.81212482049594
64dd9786c062c9e622ceab77,iterative-00004,3,1.1850457382439195,linear_detrend,80.45604349269985,107.6804155996785,0.7471743403351061,27.22437210697865
64dd9786c062c9e622ceab77,iterative-00004,3,1.1850457382439195,quadratic_detrend,9.715348534753062,41.859462948130194,0.23209443816304465,32.14411441337713
64dd9786c062c9e622ceab77,iterative-00004,3,1.1850457382439195,hann_window,94.24461308955566,132.44813500149752,0.7115586269938047,38.20352191194188
64dd9786c062c9e622ceab77,iterative-00004,3,1.1850457382439195,sine_window,118.93203185513687,146.29219565680378,0.8129759165974043,27.36016380166692
64dd9786c062c9e622ceab77,iterative-00004,3,1.1850457382439195,nonperiodic_dct_k1,60.44553178351322,160.42376935192448,0.3767866322284996,99.97823756841125
64dd9786c062c9e622ceab77,iterative-00004,3,1.1850457382439195,reflected_boundary,124.06219001423744,312.4703108487466,0.3970367286327264,188.40812083450913
eac79a0c8e88daf97b87bc9d,ontology-00004,0,0.8069676119264594,raw_centered,26.1459057123963,31.90461706937505,0.8195022574802665,5.7587113569787505
eac79a0c8e88daf97b87bc9d,ontology-00004,0,0.8069676119264594,linear_detrend,12.912800891491395,20.60951696199176,0.6265455379330476,7.696716070500362
eac79a0c8e88daf97b87bc9d,ontology-00004,0,0.8069676119264594,quadratic_detrend,1.6926359227047567,9.971616896558086,0.1697453823450644,8.27898097385333
eac79a0c8e88daf97b87bc9d,ontology-00004,0,0.8069676119264594,hann_window,16.53349738166897,26.31063264962105,0.6283960405607009,9.777135267952078
eac79a0c8e88daf97b87bc9d,ontology-00004,0,0.8069676119264594,sine_window,21.115179019969204,28.71452125562154,0.7353484612192659,7.599342235652337
eac79a0c8e88daf97b87bc9d,ontology-00004,0,0.8069676119264594,nonperiodic_dct_k1,12.70892531539922,31.904617069375043,0.3983412585007455,19.195691753975822
eac79a0c8e88daf97b87bc9d,ontology-00004,0,0.8069676119264594,reflected_boundary,25.765083142239245,61.8342938697874,0.41667950791992814,36.06921072754815
f9ebec592d7259fd4398374e,ontology-00004,1,1.0529351909269442,raw_centered,57.08312442904681,64.4781090967212,0.8853101498900744,7.394984667674384
f9ebec592d7259fd4398374e,ontology-00004,1,1.0529351909269442,linear_detrend,29.190384568399775,41.239019285667,0.7078341113350667,12.04863471726722
f9ebec592d7259fd4398374e,ontology-00004,1,1.0529351909269442,quadratic_detrend,3.7101580240020704,17.524587155586804,0.21171157934064536,13.814429131584735
f9ebec592d7259fd4398374e,ontology-00004,1,1.0529351909269442,hann_window,36.4305581030822,52.81064891007755,0.6898335630208544,16.380090806995355
f9ebec592d7259fd4398374e,ontology-00004,1,1.0529351909269442,sine_window,46.33457458203917,58.31454018567922,0.7945629757948075,11.97996560364005
f9ebec592d7259fd4398374e,ontology-00004,1,1.0529351909269442,nonperiodic_dct_k1,26.324337107232235,64.4781090967212,0.4082678210637983,38.15377198948897
f9ebec592d7259fd4398374e,ontology-00004,1,1.0529351909269442,reflected_boundary,53.423269829954734,125.439879401041,0.4258874457233525,72.01660957108626
5e78b252123ee86ef41e0bf6,ontology-00004,2,1.2977579208346068,raw_centered,99.46310988554838,109.79503275004737,0.9058980847701916,10.331922864498987
5e78b252123ee86ef41e0bf6,ontology-00004,2,1.2977579208346068,linear_detrend,51.44178058098972,70.35386198984116,0.7311863077028767,18.912081408851435
5e78b252123ee86ef41e0bf6,ontology-00004,2,1.2977579208346068,quadratic_detrend,6.556833568320683,28.30880535363354,0.2316181656701062,21.751971785312858
5e78b252123ee86ef41e0bf6,ontology-00004,2,1.2977579208346068,hann_window,63.211560696947934,89.34257251663745,0.7075189231334997,26.131011819689512
5e78b252123ee86ef41e0bf6,ontology-00004,2,1.2977579208346068,sine_window,80.51277776777667,98.8857074865803,0.8142003512358243,18.372929718803636
5e78b252123ee86ef41e0bf6,ontology-00004,2,1.2977579208346068,nonperiodic_dct_k1,44.8445709019324,109.79503275004737,0.40843897741733726,64.950461848115
5e78b252123ee86ef41e0bf6,ontology-00004,2,1.2977579208346068,reflected_boundary,91.19790232644976,213.6840018891861,0.426788629565932,122.48609956273633
b4b7829426897733a1b625a7,ontology-00004,3,1.2005549486805465,raw_centered,154.0313384558608,166.29878335188081,0.9262325036373679,12.267444896019999
b4b7829426897733a1b625a7,ontology-00004,3,1.2005549486805465,linear_detrend,82.2600451809191,108.8234899321946,0.7559033921093086,26.563444751275505
b4b7829426897733a1b625a7,ontology-00004,3,1.2005549486805465,quadratic_detrend,10.4154641013134,41.94199423564644,0.24833020678023252,31.52653013433304
b4b7829426897733a1b625a7,ontology-00004,3,1.2005549486805465,hann_window,99.34764471195615,137.72332771339455,0.7213566965118713,38.37568300143842
b4b7829426897733a1b625a7,ontology-00004,3,1.2005549486805465,sine_window,125.3989734420254,151.4283546669423,0.8281076137810055,26.029381224916932
b4b7829426897733a1b625a7,ontology-00004,3,1.2005549486805465,nonperiodic_dct_k1,65.80488889552552,166.29878335188084,0.395702768049032,100.49389445635532
b4b7829426897733a1b625a7,ontology-00004,3,1.2005549486805465,reflected_boundary,135.03871785955187,324.2207346314101,0.41650241158410317,189.18201677185823
dedc8db97691e3e695630f73,dependency-00004,0,0.9830103959413115,raw_centered,26.907942771408724,33.06541693278193,0.8137790255634575,6.157474161373209
dedc8db97691e3e695630f73,dependency-00004,0,0.9830103959413115,linear_detrend,13.958200510428043,22.114795538599594,0.6311702265600931,8.156595028171553
dedc8db97691e3e695630f73,dependency-00004,0,0.9830103959413115,quadratic_detrend,1.7600803354481176,10.591810999889805,0.16617369168185017,8.831730664441688
dedc8db97691e3e695630f73,dependency-00004,0,0.9830103959413115,hann_window,16.936727468039315,26.791134920838587,0.6321765583310788,9.854407452799272
dedc8db97691e3e695630f73,dependency-00004,0,0.9830103959413115,sine_window,21.63527225705677,29.574009825566705,0.7315637069394998,7.938737568509934
dedc8db97691e3e695630f73,dependency-00004,0,0.9830103959413115,nonperiodic_dct_k1,12.353416285983759,33.06541693278195,0.37360533850508465,20.71200064679819
dedc8db97691e3e695630f73,dependency-00004,0,0.9830103959413115,reflected_boundary,24.859793892668648,64.31076686753926,0.3865572609928958,39.4509729748706
3ae2e5bb12d69c3ca6b80e70,dependency-00004,1,1.1870854123349437,raw_centered,60.377034768564215,68.2343171204207,0.88484852368362,7.857282351856485
3ae2e5bb12d69c3ca6b80e70,dependency-00004,1,1.1870854123349437,linear_detrend,30.599988276464586,43.05853476214586,0.7106602313687185,12.458546485681273
3ae2e5bb12d69c3ca6b80e70,dependency-00004,1,1.1870854123349437,quadratic_detrend,3.85312398283122,18.056028942037145,0.21339819487443162,14.202904959205924
3ae2e5bb12d69c3ca6b80e70,dependency-00004,1,1.1870854123349437,hann_window,38.16114306920434,54.74892295137588,0.6970208912255017,16.58777988217154
3ae2e5bb12d69c3ca6b80e70,dependency-00004,1,1.1870854123349437,sine_window,48.793056712009545,60.96945672072633,0.8002868868507161,12.17640000871678
3ae2e5bb12d69c3ca6b80e70,dependency-00004,1,1.1870854123349437,nonperiodic_dct_k1,28.39862491180292,68.23431712042074,0.41619270347037673,39.83569220861783
3ae2e5bb12d69c3ca6b80e70,dependency-00004,1,1.1870854123349437,reflected_boundary,57.40657346436779,132.9459551926338,0.4318038362369715,75.539381728266
f15bbcc9708e6fcf059711f1,dependency-00004,2,1.1807999840621317,raw_centered,102.25858105804969,111.97812586554046,0.9132013977518996,9.719544807490777
f15bbcc9708e6fcf059711f1,dependency-00004,2,1.1807999840621317,linear_detrend,53.539658279966595,72.09064398757856,0.7426713831158401,18.550985707611964
f15bbcc9708e6fcf059711f1,dependency-00004,2,1.1807999840621317,quadratic_detrend,6.734780878340693,28.236396467355767,0.2385141774775264,21.501615589015074
f15bbcc9708e6fcf059711f1,dependency-00004,2,1.1807999840621317,hann_window,64.60000757111774,89.92837931033347,0.7183495139859003,25.328371739215733
f15bbcc9708e6fcf059711f1,dependency-00004,2,1.1807999840621317,sine_window,82.3427526479458,99.96583647948533,0.82370893445026,17.62308383153953
f15bbcc9708e6fcf059711f1,dependency-00004,2,1.1807999840621317,nonperiodic_dct_k1,45.4159128096008,111.97812586554053,0.4055784329176455,66.56221305593974
f15bbcc9708e6fcf059711f1,dependency-00004,2,1.1807999840621317,reflected_boundary,92.66757060505037,218.07073655628733,0.4249427138571226,125.40316595123696
ab481a17ef5e73c19008092f,dependency-00004,3,1.2631120649280667,raw_centered,156.2665323918527,168.89290200751094,0.9252403773895914,12.626369615658234
ab481a17ef5e73c19008092f,dependency-00004,3,1.2631120649280667,linear_detrend,84.29032442490177,110.61226048928307,0.762034190893951,26.3219360643813
ab481a17ef5e73c19008092f,dependency-00004,3,1.2631120649280667,quadratic_detrend,10.188719759328878,41.333302674110776,0.2465014673436829,31.144582914781896
ab481a17ef5e73c19008092f,dependency-00004,3,1.2631120649280667,hann_window,99.68592725913848,137.08434952621798,0.7271867839302335,37.398422267079496
ab481a17ef5e73c19008092f,dependency-00004,3,1.2631120649280667,sine_window,125.99740110905594,151.46901604163648,0.831836136536473,25.47161493258054
ab481a17ef5e73c19008092f,dependency-00004,3,1.2631120649280667,nonperiodic_dct_k1,66.54324233125496,168.89290200751105,0.39399667801489746,102.34965967625604
ab481a17ef5e73c19008092f,dependency-00004,3,1.2631120649280667,reflected_boundary,136.18370838571383,329.4404128934421,0.41337887841271803,193.25670450772827
9b0b7ff5c8ed9bd942a5d687,iterative-00005,0,0.7942167805809255,raw_centered,26.91662043665724,32.9556022078423,0.8167540155055037,6.038981771185054
9b0b7ff5c8ed9bd942a5d687,iterative-00005,0,0.7942167805809255,linear_detrend,13.251635257529944,21.296829985129165,0.6222351057309046,8.045194727599219
9b0b7ff5c8ed9bd942a5d687,iterative-00005,0,0.7942167805809255,quadratic_detrend,1.7782037038197998,10.60157792891697,0.1677300978913293,8.82337422509717
9b0b7ff5c8ed9bd942a5d687,iterative-00005,0,0.7942167805809255,hann_window,17.255273048147625,27.660353266870963,0.623826922298003,10.405080218723338
9b0b7ff5c8ed9bd942a5d687,iterative-00005,0,0.7942167805809255,sine_window,21.9629767125581,30.13853179626453,0.728734128823099,8.175555083706433
9b0b7ff5c8ed9bd942a5d687,iterative-00005,0,0.7942167805809255,nonperiodic_dct_k1,13.120748787681801,32.955602207842304,0.39813409279953965,19.834853420160506
9b0b7ff5c8ed9bd942a5d687,iterative-00005,0,0.7942167805809255,reflected_boundary,26.567233225288437,64.19799355853402,0.41383276567771765,37.63076033324558
bc807ebc10a216d533b4b389,iterative-00005,1,1.1328055753350252,raw_centered,60.54821461785235,69.04685642649648,0.8769148626238862,8.498641808644122
bc807ebc10a216d533b4b389,iterative-00005,1,1.1328055753350252,linear_detrend,31.52571227463768,44.52001032317323,0.7081245499673244,12.99429804853555
bc807ebc10a216d533b4b389,iterative-00005,1,1.1328055753350252,quadratic_detrend,3.8870280020192522,18.795079976083812,0.20681093174199744,14.908051974064561
bc807ebc10a216d533b4b389,iterative-00005,1,1.1328055753350252,hann_window,38.501160891756626,55.30907202136634,0.6961093268186332,16.807911129609714
bc807ebc10a216d533b4b389,iterative-00005,1,1.1328055753350252,sine_window,48.95603228398075,61.53804246676234,0.7955409421809715,12.582010182781596
bc807ebc10a216d533b4b389,iterative-00005,1,1.1328055753350252,nonperiodic_dct_k1,27.676349981344707,69.0468564264965,0.40083432343958236,41.37050644515179
bc807ebc10a216d533b4b389,iterative-00005,1,1.1328055753350252,reflected_boundary,56.033680974588876,134.47420007457345,0.4166872228540127,78.44051909998456
18acc013988c2749b1840d72,iterative-00005,2,1.272176069690236,raw_centered,105.4516800900679,116.0921355248494,0.9083447350961692,10.640455434781494
18acc013988c2749b1840d72,iterative-00005,2,1.272176069690236,linear_detrend,56.47818168783744,75.4088015884745,0.7489600749267122,18.930619900637062
18acc013988c2749b1840d72,iterative-00005,2,1.272176069690236,quadratic_detrend,6.646225912543503,29.1666928769409,0.22787039794278457,22.520466964397396
18acc013988c2749b1840d72,iterative-00005,2,1.272176069690236,hann_window,67.78091175128947,95.21499792848824,0.711872217885219,27.43408617719878
18acc013988c2749b1840d72,iterative-00005,2,1.272176069690236,sine_window,85.37878010969695,104.59691049314371,0.8162648371463467,19.218130383446763
18acc013988c2749b1840d72,iterative-00005,2,1.272176069690236,nonperiodic_dct_k1,46.11245427743097,116.09213552484943,0.3972056683164437,69.97968124741845
18acc013988c2749b1840d72,iterative-00005,2,1.272176069690236,reflected_boundary,93.71882457484905,226.39392511987757,0.41396351304578566,132.67510054502853
c944837f99aa49b688a8dc56,iterative-00005,3,1.2325055055029923,raw_centered,160.78499667699398,174.22557292702973,0.9228553189739545,13.440576250035743
c944837f99aa49b688a8dc56,iterative-00005,3,1.2325055055029923,linear_detrend,88.420967063259,115.57969719145346,0.7650216189508868,27.158730128194467
c944837f99aa49b688a8dc56,iterative-00005,3,1.2325055055029923,quadratic_detrend,10.35795855805624,42.75704235515026,0.2422515213288269,32.39908379709402
c944837f99aa49b688a8dc56,iterative-00005,3,1.2325055055029923,hann_window,102.95202825365195,141.74482948619664,0.7263194617174914,38.792801232544676
c944837f99aa49b688a8dc56,iterative-00005,3,1.2325055055029923,sine_window,129.54624308796394,156.32507788615143,0.8286977677523372,26.77883479818749
c944837f99aa49b688a8dc56,iterative-00005,3,1.2325055055029923,nonperiodic_dct_k1,66.94813711569094,174.22557292702982,0.38426125390748783,107.27743581133886
c944837f99aa49b688a8dc56,iterative-00005,3,1.2325055055029923,reflected_boundary,136.9019597939671,339.5182887147347,0.4032241099948314,202.61632892076761
c6f49c270f94eb698dd1a354,ontology-00005,0,0.8082103988604146,raw_centered,27.08953683413841,33.574408458827506,0.8068507556092454,6.484871624689098
c6f49c270f94eb698dd1a354,ontology-00005,0,0.8082103988604146,linear_detrend,14.115256998460401,22.483827631603138,0.6277959976272046,8.368570633142737
c6f49c270f94eb698dd1a354,ontology-00005,0,0.8082103988604146,quadratic_detrend,1.6554802319686597,10.827457348072489,0.15289649072257666,9.171977116103829
c6f49c270f94eb698dd1a354,ontology-00005,0,0.8082103988604146,hann_window,17.21175065680316,27.966770181273745,0.61543576699207,10.755019524470585
c6f49c270f94eb698dd1a354,ontology-00005,0,0.8082103988604146,sine_window,21.811049629542943,30.324269399342903,0.7192605151442022,8.51321976979996
c6f49c270f94eb698dd1a354,ontology-00005,0,0.8082103988604146,nonperiodic_dct_k1,12.470581290195643,33.57440845882753,0.3714311543415093,21.10382716863188
c6f49c270f94eb698dd1a354,ontology-00005,0,0.8082103988604146,reflected_boundary,25.262054006882416,65.40518559552049,0.38623931385361865,40.143131588638084
6b14c7c8e18416eee46ced35,ontology-00005,1,1.1361961550912252,raw_centered,61.29333313076913,70.36494909863073,0.871077630495463,9.071615967861609
6b14c7c8e18416eee46ced35,ontology-00005,1,1.1361961550912252,linear_detrend,31.927943341901788,45.75242398081622,0.6978415691218683,13.82448063891443
6b14c7c8e18416eee46ced35,ontology-00005,1,1.1361961550912252,quadratic_detrend,3.913419074523407,20.050745147038985,0.19517574263823934,16.137326072515577
6b14c7c8e18416eee46ced35,ontology-00005,1,1.1361961550912252,hann_window,40.03317220166993,60.05246335046972,0.6666366368359274,20.019291148799795
6b14c7c8e18416eee46ced35,ontology-00005,1,1.1361961550912252,sine_window,50.38669306911355,65.31846178730088,0.7714004844937983,14.931768718187326
6b14c7c8e18416eee46ced35,ontology-00005,1,1.1361961550912252,nonperiodic_dct_k1,27.798236304619714,70.36494909863077,0.3950580034621334,42.56671279401107
6b14c7c8e18416eee46ced35,ontology-00005,1,1.1361961550912252,reflected_boundary,56.190355774174265,137.66202471418228,0.4081761538146649,81.471668940008
1efe7cb539c42c0738798447,ontology-00005,2,1.040006447077346,raw_centered,108.54012070442548,120.25145678226399,0.9026096116320328,11.711336077838505
1efe7cb539c42c0738798447,ontology-00005,2,1.040006447077346,linear_detrend,56.187855658571614,77.73444431333353,0.7228180011435922,21.546588654761912
1efe7cb539c42c0738798447,ontology-00005,2,1.040006447077346,quadratic_detrend,7.359745513378151,32.52994150933726,0.22624527348952161,25.170195995959112
1efe7cb539c42c0738798447,ontology-00005,2,1.040006447077346,hann_window,70.78342672130418,101.62211763014403,0.6965356397996157,30.83869090883985
1efe7cb539c42c0738798447,ontology-00005,2,1.040006447077346,sine_window,89.24950614504927,111.1342231736516,0.8030785080991064,21.88471702860234
1efe7cb539c42c0738798447,ontology-00005,2,1.040006447077346,nonperiodic_dct_k1,48.44854770715337,120.25145678226406,0.40289364473045675,71.80290907511068
1efe7cb539c42c0738798447,ontology-00005,2,1.040006447077346,reflected_boundary,99.12588314954164,235.28897225169533,0.4212942162181058,136.1630891021537
d9c4a129372d88b5b1f8109b,ontology-00005,3,1.248529686857946,raw_centered,162.15432860159387,177.418154714393,0.9139669435894495,15.263826112799148
d9c4a129372d88b5b1f8109b,ontology-00005,3,1.248529686857946,linear_detrend,87.01835273967953,117.49971695731742,0.7405835094163635,30.481364217637886
d9c4a129372d88b5b1f8109b,ontology-00005,3,1.248529686857946,quadratic_detrend,11.110648567546008,47.23752716504978,0.23520809056589614,36.12687859750377
d9c4a129372d88b5b1f8109b,ontology-00005,3,1.248529686857946,hann_window,107.35596929016648,153.80808791633007,0.6979865021699442,46.45211862616358
d9c4a129372d88b5b1f8109b,ontology-00005,3,1.248529686857946,sine_window,133.860946688961,166.20375486015647,0.8054026625426806,32.34280817119546
d9c4a129372d88b5b1f8109b,ontology-00005,3,1.248529686857946,nonperiodic_dct_k1,68.59768523800378,177.41815471439315,0.38664411400531123,108.82046947638935
d9c4a129372d88b5b1f8109b,ontology-00005,3,1.248529686857946,reflected_boundary,140.354705429335,346.5960376945704,0.40495184642883686,206.24133226523537
e4ddff994071edc6ea7a6834,dependency-00005,0,0.8132522867388602,raw_centered,18.17253255600145,21.91936110210674,0.8290630585147315,3.7468285461052897
e4ddff994071edc6ea7a6834,dependency-00005,0,0.8132522867388602,linear_detrend,9.687587523159877,14.713628815882657,0.6584091283247944,5.02604129272278
e4ddff994071edc6ea7a6834,dependency-00005,0,0.8132522867388602,quadratic_detrend,1.1409935183345814,6.701970188225004,0.17024747742674906,5.560976669890422
e4ddff994071edc6ea7a6834,dependency-00005,0,0.8132522867388602,hann_window,11.16381587669817,17.285521237825023,0.6458478007749608,6.121705361126855
e4ddff994071edc6ea7a6834,dependency-00005,0,0.8132522867388602,sine_window,14.484606806916059,19.384202974145836,0.747237677310502,4.899596167229777
e4ddff994071edc6ea7a6834,dependency-00005,0,0.8132522867388602,nonperiodic_dct_k1,8.121266070208762,21.919361102106745,0.37050651396167744,13.798095031897986
e4ddff994071edc6ea7a6834,dependency-00005,0,0.8132522867388602,reflected_boundary,16.549623961705077,42.30097942805605,0.3912350065050401,25.751355466350972
633ffabbd2f176114ff9d48d,dependency-00005,1,1.0559835060150848,raw_centered,38.71445628595296,43.75023110488993,0.8848971835859829,5.035774818936966
633ffabbd2f176114ff9d48d,dependency-00005,1,1.0559835060150848,linear_detrend,20.701982101689545,28.96842404077615,0.7146395700556335,8.266441939086603
633ffabbd2f176114ff9d48d,dependency-00005,1,1.0559835060150848,quadratic_detrend,2.5297430657821227,12.051181609332255,0.20991659969866586,9.521438543550133
633ffabbd2f176114ff9d48d,dependency-00005,1,1.0559835060150848,hann_window,24.72528395967403,36.122746413750725,0.6844796261189581,11.397462454076694
633ffabbd2f176114ff9d48d,dependency-00005,1,1.0559835060150848,sine_window,31.56578352734995,39.95569837513172,0.790019566946085,8.389914847781768
633ffabbd2f176114ff9d48d,dependency-00005,1,1.0559835060150848,nonperiodic_dct_k1,16.78942076972487,43.75023110488994,0.3837561618696987,26.96081033516508
633ffabbd2f176114ff9d48d,dependency-00005,1,1.0559835060150848,reflected_boundary,34.213420867458,84.11416870692531,0.4067497948730382,49.90074783946732
ef4355cb9724a74d49dd9ff6,dependency-00005,2,1.096103231179428,raw_centered,68.37428442164665,74.53661744659233,0.9173247561259247,6.162333024945687
ef4355cb9724a74d49dd9ff6,dependency-00005,2,1.096103231179428,linear_detrend,37.25536661974566,49.56316470346489,0.7516744913817254,12.307798083719236
ef4355cb9724a74d49dd9ff6,dependency-00005,2,1.096103231179428,quadratic_detrend,4.591226521807091,19.092041227117758,0.24047855685990513,14.500814705310667
ef4355cb9724a74d49dd9ff6,dependency-00005,2,1.096103231179428,hann_window,43.39140484813977,61.07067031809225,0.7105113571233396,17.679265469952476
ef4355cb9724a74d49dd9ff6,dependency-00005,2,1.096103231179428,sine_window,55.356749122015444,67.56506604488122,0.8193102199477434,12.208316922865778
ef4355cb9724a74d49dd9ff6,dependency-00005,2,1.096103231179428,nonperiodic_dct_k1,28.57649833199837,74.53661744659236,0.3833887196782743,45.960119114594
ef4355cb9724a74d49dd9ff6,dependency-00005,2,1.096103231179428,reflected_boundary,59.08618608597105,143.55763177978628,0.4115851268472285,84.47144569381521
0d7f90ed8b19fd02acb7cf40,dependency-00005,3,1.3822223282877335,raw_centered,104.49465963439923,112.31459968378495,0.9303746790586238,7.819940049385724
0d7f90ed8b19fd02acb7cf40,dependency-00005,3,1.3822223282877335,linear_detrend,58.22585064707613,75.3445981468444,0.7727939637237916,17.118747499768272
0d7f90ed8b19fd02acb7cf40,dependency-00005,3,1.3822223282877335,quadratic_detrend,6.906652606193225,28.093363110107852,0.24584641500996532,21.186710503914625
0d7f90ed8b19fd02acb7cf40,dependency-00005,3,1.3822223282877335,hann_window,67.33556828193895,92.74665271714858,0.726016155939273,25.411084435209627
0d7f90ed8b19fd02acb7cf40,dependency-00005,3,1.3822223282877335,sine_window,85.33635167007296,102.75910293835315,0.8304505316795887,17.422751268280187
0d7f90ed8b19fd02acb7cf40,dependency-00005,3,1.3822223282877335,nonperiodic_dct_k1,42.323208942501246,112.31459968378499,0.37682731418408383,69.99139074128378
0d7f90ed8b19fd02acb7cf40,dependency-00005,3,1.3822223282877335,reflected_boundary,87.07810667840567,216.44477780731924,0.402310961532753,129.36667112891357
