layer,problem_i,problem_j,projector_similarity
0,iterative-00000,iterative-00000,0.9999999999999993
0,iterative-00000,ontology-00000,0.9732618227322098
0,iterative-00000,dependency-00000,0.9776036915117357
0,iterative-00000,iterative-00001,0.9795485555311176
0,iterative-00000,ontology-00001,0.9731793635270346
0,iterative-00000,dependency-00001,0.9743637356925954
0,iterative-00000,iterative-00002,0.9692279581731484
0,iterative-00000,ontology-00002,0.9711946912136571
0,iterative-00000,dependency-00002,0.979453756346996
0,iterative-00000,iterative-00003,0.9755233159193177
0,iterative-00000,ontology-00003,0.9794196875874767
0,iterative-00000,dependency-00003,0.9803976260852578
0,iterative-00000,iterative-00004,0.9734908865616112
0,iterative-00000,ontology-00004,0.9822203542344607
0,iterative-00000,dependency-00004,0.9830916024805691
0,iterative-00000,iterative-00005,0.9792666771114416
0,iterative-00000,ontology-00005,0.9723559571794069
0,iterative-00000,dependency-00005,0.9687811426483379
0,ontology-00000,iterative-00000,0.9732618227322098
0,ontology-00000,ontology-00000,1.0
0,ontology-00000,dependency-00000,0.9711217064799997
0,ontology-00000,iterative-00001,0.9786540587987496
0,ontology-00000,ontology-00001,0.9822995761617519
0,ontology-00000,dependency-00001,0.9826384505325121
0,ontology-00000,iterative-00002,0.9752719496137164
0,ontology-00000,ontology-00002,0.9791213835098204
0,ontology-00000,dependency-00002,0.985436016920203
0,ontology-00000,iterative-00003,0.9823723341961612
0,ontology-00000,ontology-00003,0.9803377355245313
0,ontology-00000,dependency-00003,0.9830149942828041
0,ontology-00000,iterative-00004,0.9784239854626844
0,ontology-00000,ontology-00004,0.9816773862408809
0,ontology-00000,dependency-00004,0.9825652466175726
0,ontology-00000,iterative-00005,0.9770493350070615
0,ontology-00000,ontology-00005,0.9739123657614883
0,ontology-00000,dependency-00005,0.9736012277537303
0,dependency-00000,iterative-00000,0.9776036915117357
0,dependency-00000,ontology-00000,0.9711217064799997
0,dependency-00000,dependency-00000,0.9999999999999997
0,dependency-00000,iterative-00001,0.9833747998258262
0,dependency-00000,ontology-00001,0.9794468870080827
0,dependency-00000,dependency-00001,0.9752386783038235
0,dependency-00000,iterative-00002,0.9789174197533215
0,dependency-00000,ontology-00002,0.9769282108036099
0,dependency-00000,dependency-00002,0.9793759529369244
0,dependency-00000,iterative-00003,0.9798210873931398
0,dependency-00000,ontology-00003,0.9802061815461413
0,dependency-00000,dependency-00003,0.9755645610825021
0,dependency-00000,iterative-00004,0.9766123452785902
0,dependency-00000,ontology-00004,0.9798456305284683
0,dependency-00000,dependency-00004,0.981183777269085
0,dependency-00000,iterative-00005,0.9850697674931522
0,dependency-00000,ontology-00005,0.9752859056338443
0,dependency-00000,dependency-00005,0.9775781761698458
0,iterative-00001,iterative-00000,0.9795485555311176
0,iterative-00001,ontology-00000,0.9786540587987496
0,iterative-00001,dependency-00000,0.9833747998258262
0,iterative-00001,iterative-00001,1.0
0,iterative-00001,ontology-00001,0.9818900309131283
0,iterative-00001,dependency-00001,0.9807409349147428
0,iterative-00001,iterative-00002,0.980642017919662
0,iterative-00001,ontology-00002,0.9729487569469147
0,iterative-00001,dependency-00002,0.9840068735584993
0,iterative-00001,iterative-00003,0.9820060138265863
0,iterative-00001,ontology-00003,0.9853604901619224
0,iterative-00001,dependency-00003,0.9820711871460894
0,iterative-00001,iterative-00004,0.9830621083995148
0,iterative-00001,ontology-00004,0.9909647785028298
0,iterative-00001,dependency-00004,0.9866587262022164
0,iterative-00001,iterative-00005,0.983931839718927
0,iterative-00001,ontology-00005,0.9790042682189516
0,iterative-00001,dependency-00005,0.9761215027258396
0,ontology-00001,iterative-00000,0.9731793635270346
0,ontology-00001,ontology-00000,0.9822995761617519
0,ontology-00001,dependency-00000,0.9794468870080827
0,ontology-00001,iterative-00001,0.9818900309131283
0,ontology-00001,ontology-00001,0.9999999999999998
0,ontology-00001,dependency-00001,0.9781683916907501
0,ontology-00001,iterative-00002,0.97496265508038
0,ontology-00001,ontology-00002,0.9766474991258987
0,ontology-00001,dependency-00002,0.981118647411489
0,ontology-00001,iterative-00003,0.9848721177380733
0,ontology-00001,ontology-00003,0.9850343898768956
0,ontology-00001,dependency-00003,0.9832295455091643
0,ontology-00001,iterative-00004,0.9780735399207766
0,ontology-00001,ontology-00004,0.9838392439651026
0,ontology-00001,dependency-00004,0.9878192421716541
0,ontology-00001,iterative-00005,0.981783369524579
0,ontology-00001,ontology-00005,0.9770538571458849
0,ontology-00001,dependency-00005,0.9790734187467901
0,dependency-00001,iterative-00000,0.9743637356925954
0,dependency-00001,ontology-00000,0.9826384505325121
0,dependency-00001,dependency-00000,0.9752386783038235
0,dependency-00001,iterative-00001,0.9807409349147428
0,dependency-00001,ontology-00001,0.9781683916907501
0,dependency-00001,dependency-00001,0.9999999999999999
0,dependency-00001,iterative-00002,0.9773630048418194
0,dependency-00001,ontology-00002,0.978030561628416
0,dependency-00001,dependency-00002,0.9851161742002192
0,dependency-00001,iterative-00003,0.9842907025321475
0,dependency-00001,ontology-00003,0.980609802258186
0,dependency-00001,dependency-00003,0.98360039522082
0,dependency-00001,iterative-00004,0.9780332655067284
0,dependency-00001,ontology-00004,0.9842049624486191
0,dependency-00001,dependency-00004,0.9867110982287066
0,dependency-00001,iterative-00005,0.9830953989123759
0,dependency-00001,ontology-00005,0.9819240974643308
0,dependency-00001,dependency-00005,0.9777187008542686
0,iterative-00002,iterative-00000,0.9692279581731484
0,iterative-00002,ontology-00000,0.9752719496137164
0,iterative-00002,dependency-00000,0.9789174197533215
0,iterative-00002,iterative-00001,0.980642017919662
0,iterative-00002,ontology-00001,0.97496265508038
0,iterative-00002,dependency-00001,0.9773630048418194
0,iterative-00002,iterative-00002,0.9999999999999994
0,iterative-00002,ontology-00002,0.9724032329535712
0,iterative-00002,dependency-00002,0.9846418470857092
0,iterative-00002,iterative-00003,0.980922384922225
0,iterative-00002,ontology-00003,0.9790587260483476
0,iterative-00002,dependency-00003,0.9767384983140375
0,iterative-00002,iterative-00004,0.979757990748964
0,iterative-00002,ontology-00004,0.9796888570588944
0,iterative-00002,dependency-00004,0.977649036952698
0,iterative-00002,iterative-00005,0.986212957591554
0,iterative-00002,ontology-00005,0.975889697146777
0,iterative-00002,dependency-00005,0.9776119528424432
0,ontology-00002,iterative-00000,0.9711946912136571
0,ontology-00002,ontology-00000,0.9791213835098204
0,ontology-00002,dependency-00000,0.9769282108036099
0,ontology-00002,iterative-00001,0.9729487569469147
0,ontology-00002,ontology-00001,0.9766474991258987
0,ontology-00002,dependency-00001,0.978030561628416
0,ontology-00002,iterative-00002,0.9724032329535712
0,ontology-00002,ontology-00002,0.9999999999999997
0,ontology-00002,dependency-00002,0.9840074547498114
0,ontology-00002,iterative-00003,0.9782154922606692
0,ontology-00002,ontology-00003,0.9756262419805666
0,ontology-00002,dependency-00003,0.9784532303768462
0,ontology-00002,iterative-00004,0.9781349504712212
0,ontology-00002,ontology-00004,0.9764854580469433
0,ontology-00002,dependency-00004,0.9762213817041552
0,ontology-00002,iterative-00005,0.9763000987931097
0,ontology-00002,ontology-00005,0.9704641952130795
0,ontology-00002,dependency-00005,0.9762939691183484
0,dependency-00002,iterative-00000,0.979453756346996
0,dependency-00002,ontology-00000,0.985436016920203
0,dependency-00002,dependency-00000,0.9793759529369244
0,dependency-00002,iterative-00001,0.9840068735584994
0,dependency-00002,ontology-00001,0.981118647411489
0,dependency-00002,dependency-00001,0.9851161742002192
0,dependency-00002,iterative-00002,0.9846418470857092
0,dependency-00002,ontology-00002,0.9840074547498114
0,dependency-00002,dependency-00002,1.0000000000000002
0,dependency-00002,iterative-00003,0.9843167194927744
0,dependency-00002,ontology-00003,0.9839772328228559
0,dependency-00002,dependency-00003,0.9870398141250896
0,dependency-00002,iterative-00004,0.9850297451523364
0,dependency-00002,ontology-00004,0.9834422461040025
0,dependency-00002,dependency-00004,0.9855524061923047
0,dependency-00002,iterative-00005,0.9894462050655375
0,dependency-00002,ontology-00005,0.9809477093908309
0,dependency-00002,dependency-00005,0.9780881131804349
0,iterative-00003,iterative-00000,0.9755233159193177
0,iterative-00003,ontology-00000,0.9823723341961612
0,iterative-00003,dependency-00000,0.9798210873931398
0,iterative-00003,iterative-00001,0.9820060138265863
0,iterative-00003,ontology-00001,0.984872117738073
0,iterative-00003,dependency-00001,0.9842907025321475
0,iterative-00003,iterative-00002,0.980922384922225
0,iterative-00003,ontology-00002,0.9782154922606692
0,iterative-00003,dependency-00002,0.9843167194927744
0,iterative-00003,iterative-00003,1.0000000000000016
0,iterative-00003,ontology-00003,0.9843125336875733
0,iterative-00003,dependency-00003,0.9862724005554279
0,iterative-00003,iterative-00004,0.9796427729036588
0,iterative-00003,ontology-00004,0.9857188581871092
0,iterative-00003,dependency-00004,0.9869693424099327
0,iterative-00003,iterative-00005,0.9834931961381139
0,iterative-00003,ontology-00005,0.9782369370227801
0,iterative-00003,dependency-00005,0.9833891089083379
0,ontology-00003,iterative-00000,0.9794196875874767
0,ontology-00003,ontology-00000,0.9803377355245313
0,ontology-00003,dependency-00000,0.9802061815461413
0,ontology-00003,iterative-00001,0.9853604901619224
0,ontology-00003,ontology-00001,0.9850343898768956
0,ontology-00003,dependency-00001,0.9806098022581857
0,ontology-00003,iterative-00002,0.9790587260483476
0,ontology-00003,ontology-00002,0.9756262419805665
0,ontology-00003,dependency-00002,0.9839772328228558
0,ontology-00003,iterative-00003,0.9843125336875733
0,ontology-00003,ontology-00003,0.9999999999999999
0,ontology-00003,dependency-00003,0.9861123397308735
0,ontology-00003,iterative-00004,0.9859116162840247
0,ontology-00003,ontology-00004,0.9805836420931346
0,ontology-00003,dependency-00004,0.9877951842423461
0,ontology-00003,iterative-00005,0.9842936249739254
0,ontology-00003,ontology-00005,0.9812036553061022
0,ontology-00003,dependency-00005,0.9850469441728444
0,dependency-00003,iterative-00000,0.9803976260852578
0,dependency-00003,ontology-00000,0.9830149942828041
0,dependency-00003,dependency-00000,0.9755645610825021
0,dependency-00003,iterative-00001,0.9820711871460894
0,dependency-00003,ontology-00001,0.9832295455091643
0,dependency-00003,dependency-00001,0.98360039522082
0,dependency-00003,iterative-00002,0.9767384983140375
0,dependency-00003,ontology-00002,0.9784532303768462
0,dependency-00003,dependency-00002,0.9870398141250896
0,dependency-00003,iterative-00003,0.9862724005554279
0,dependency-00003,ontology-00003,0.9861123397308734
0,dependency-00003,dependency-00003,1.0000000000000004
0,dependency-00003,iterative-00004,0.9804598439445305
0,dependency-00003,ontology-00004,0.9816404353612898
0,dependency-00003,dependency-00004,0.9840602215158205
0,dependency-00003,iterative-00005,0.9848261322415799
0,dependency-00003,ontology-00005,0.9787040901403707
0,dependency-00003,dependency-00005,0.9727814610348162
0,iterative-00004,iterative-00000,0.9734908865616112
0,iterative-00004,ontology-00000,0.9784239854626844
0,iterative-00004,dependency-00000,0.9766123452785902
0,iterative-00004,iterative-00001,0.9830621083995148
0,iterative-00004,ontology-00001,0.9780735399207766
0,iterative-00004,dependency-00001,0.9780332655067283
0,iterative-00004,iterative-00002,0.979757990748964
0,iterative-00004,ontology-00002,0.9781349504712213
0,iterative-00004,dependency-00002,0.9850297451523364
0,iterative-00004,iterative-00003,0.9796427729036588
0,iterative-00004,ontology-00003,0.9859116162840247
0,iterative-00004,dependency-00003,0.9804598439445305
0,iterative-00004,iterative-00004,1.0
0,iterative-00004,ontology-00004,0.9833787076676891
0,iterative-00004,dependency-00004,0.9817803111925367
0,iterative-00004,iterative-00005,0.9806079388048435
0,iterative-00004,ontology-00005,0.9778845722156806
0,iterative-00004,dependency-00005,0.9798395310240813
0,ontology-00004,iterative-00000,0.9822203542344607
0,ontology-00004,ontology-00000,0.9816773862408809
0,ontology-00004,dependency-00000,0.9798456305284683
0,ontology-00004,iterative-00001,0.9909647785028298
0,ontology-00004,ontology-00001,0.9838392439651026
0,ontology-00004,dependency-00001,0.9842049624486191
0,ontology-00004,iterative-00002,0.9796888570588942
0,ontology-00004,ontology-00002,0.9764854580469433
0,ontology-00004,dependency-00002,0.9834422461040025
0,ontology-00004,iterative-00003,0.9857188581871092
0,ontology-00004,ontology-00003,0.9805836420931346
0,ontology-00004,dependency-00003,0.9816404353612898
0,ontology-00004,iterative-00004,0.9833787076676891
0,ontology-00004,ontology-00004,1.0000000000000007
0,ontology-00004,dependency-00004,0.9890498381235626
0,ontology-00004,iterative-00005,0.9847735639895461
0,ontology-00004,ontology-00005,0.981305989190838
0,ontology-00004,dependency-00005,0.9778374194719305
0,dependency-00004,iterative-00000,0.9830916024805691
0,dependency-00004,ontology-00000,0.9825652466175726
0,dependency-00004,dependency-00000,0.981183777269085
0,dependency-00004,iterative-00001,0.9866587262022164
0,dependency-00004,ontology-00001,0.9878192421716541
0,dependency-00004,dependency-00001,0.9867110982287066
0,dependency-00004,iterative-00002,0.977649036952698
0,dependency-00004,ontology-00002,0.9762213817041554
0,dependency-00004,dependency-00002,0.9855524061923047
0,dependency-00004,iterative-00003,0.9869693424099327
0,dependency-00004,ontology-00003,0.9877951842423461
0,dependency-00004,dependency-00003,0.9840602215158205
0,dependency-00004,iterative-00004,0.9817803111925367
0,dependency-00004,ontology-00004,0.9890498381235626
0,dependency-00004,dependency-00004,0.9999999999999997
0,dependency-00004,iterative-00005,0.9877659625542117
0,dependency-00004,ontology-00005,0.9847584006509728
0,dependency-00004,dependency-00005,0.979529920596003
0,iterative-00005,iterative-00000,0.9792666771114416
0,iterative-00005,ontology-00000,0.9770493350070614
0,iterative-00005,dependency-00000,0.9850697674931522
0,iterative-00005,iterative-00001,0.9839318397189272
0,iterative-00005,ontology-00001,0.981783369524579
0,iterative-00005,dependency-00001,0.9830953989123759
0,iterative-00005,iterative-00002,0.986212957591554
0,iterative-00005,ontology-00002,0.9763000987931097
0,iterative-00005,dependency-00002,0.9894462050655375
0,iterative-00005,iterative-00003,0.9834931961381139
0,iterative-00005,ontology-00003,0.9842936249739254
0,iterative-00005,dependency-00003,0.9848261322415799
0,iterative-00005,iterative-00004,0.9806079388048435
0,iterative-00005,ontology-00004,0.9847735639895461
0,iterative-00005,dependency-00004,0.9877659625542117
0,iterative-00005,iterative-00005,1.0000000000000007
0,iterative-00005,ontology-00005,0.9839297361697472
0,iterative-00005,dependency-00005,0.9804568826519939
0,ontology-00005,iterative-00000,0.9723559571794069
0,ontology-00005,ontology-00000,0.9739123657614883
0,ontology-00005,dependency-00000,0.9752859056338443
0,ontology-00005,iterative-00001,0.9790042682189516
0,ontology-00005,ontology-00001,0.9770538571458849
0,ontology-00005,dependency-00001,0.9819240974643307
0,ontology-00005,iterative-00002,0.975889697146777
0,ontology-00005,ontology-00002,0.9704641952130795
0,ontology-00005,dependency-00002,0.9809477093908309
0,ontology-00005,iterative-00003,0.9782369370227801
0,ontology-00005,ontology-00003,0.9812036553061022
0,ontology-00005,dependency-00003,0.9787040901403707
0,ontology-00005,iterative-00004,0.9778845722156806
0,ontology-00005,ontology-00004,0.981305989190838
0,ontology-00005,dependency-00004,0.9847584006509728
0,ontology-00005,iterative-00005,0.9839297361697472
0,ontology-00005,ontology-00005,1.0
0,ontology-00005,dependency-00005,0.9780905709127333
0,dependency-00005,iterative-00000,0.9687811426483379
0,dependency-00005,ontology-00000,0.9736012277537303
0,dependency-00005,dependency-00000,0.9775781761698458
0,dependency-00005,iterative-00001,0.9761215027258396
0,dependency-00005,ontology-00001,0.9790734187467901
0,dependency-00005,dependency-00001,0.9777187008542686
0,dependency-00005,iterative-00002,0.9776119528424432
0,dependency-00005,ontology-00002,0.9762939691183484
0,dependency-00005,dependency-00002,0.9780881131804349
0,dependency-00005,iterative-00003,0.9833891089083379
0,dependency-00005,ontology-00003,0.9850469441728444
0,dependency-00005,dependency-00003,0.9727814610348162
0,dependency-00005,iterative-00004,0.9798395310240813
0,dependency-00005,ontology-00004,0.9778374194719306
0,dependency-00005,dependency-00004,0.979529920596003
0,dependency-00005,iterative-00005,0.9804568826519939
0,dependency-00005,ontology-00005,0.9780905709127333
0,dependency-00005,dependency-00005,1.0000000000000004
1,iterative-00000,iterative-00000,0.9999999999999994
1,iterative-00000,ontology-00000,0.9864927816514304
1,iterative-00000,dependency-00000,0.9914166912499915
1,iterative-00000,iterative-00001,0.9879841337177091
1,iterative-00000,ontology-00001,0.9892052028970083
1,iterative-00000,dependency-00001,0.9896283812529083
1,iterative-00000,iterative-00002,0.99050129302288
1,iterative-00000,ontology-00002,0.992077199357672
1,iterative-00000,dependency-00002,0.9896567003574406
1,iterative-00000,iterative-00003,0.9897961282358418
1,iterative-00000,ontology-00003,0.9922800149152236
1,iterative-00000,dependency-00003,0.9887606885581769
1,iterative-00000,iterative-00004,0.990266215643294
1,iterative-00000,ontology-00004,0.9927313549735786
1,iterative-00000,dependency-00004,0.9879215315593182
1,iterative-00000,iterative-00005,0.9921380820623813
1,iterative-00000,ontology-00005,0.9919297241833194
1,iterative-00000,dependency-00005,0.9875555111586908
1,ontology-00000,iterative-00000,0.9864927816514306
1,ontology-00000,ontology-00000,1.0000000000000002
1,ontology-00000,dependency-00000,0.9881109092326995
1,ontology-00000,iterative-00001,0.9881690053296752
1,ontology-00000,ontology-00001,0.9886711333493234
1,ontology-00000,dependency-00001,0.9881003278642364
1,ontology-00000,iterative-00002,0.986518930200601
1,ontology-00000,ontology-00002,0.9867078277436148
1,ontology-00000,dependency-00002,0.9870323191532135
1,ontology-00000,iterative-00003,0.9872950675314078
1,ontology-00000,ontology-00003,0.989545270704617
1,ontology-00000,dependency-00003,0.9883125417552694
1,ontology-00000,iterative-00004,0.9893312795863574
1,ontology-00000,ontology-00004,0.988790904587789
1,ontology-00000,dependency-00004,0.9895193740428894
1,ontology-00000,iterative-00005,0.9893184112401104
1,ontology-00000,ontology-00005,0.9892276607502937
1,ontology-00000,dependency-00005,0.9856361726842728
1,dependency-00000,iterative-00000,0.9914166912499915
1,dependency-00000,ontology-00000,0.9881109092326995
1,dependency-00000,dependency-00000,1.0000000000000004
1,dependency-00000,iterative-00001,0.9892204937763711
1,dependency-00000,ontology-00001,0.990166834140652
1,dependency-00000,dependency-00001,0.9892739437014876
1,dependency-00000,iterative-00002,0.9905742760322553
1,dependency-00000,ontology-00002,0.9920593001900005
1,dependency-00000,dependency-00002,0.9892980598672643
1,dependency-00000,iterative-00003,0.9906738047732631
1,dependency-00000,ontology-00003,0.99079468096825
1,dependency-00000,dependency-00003,0.99241005940886
1,dependency-00000,iterative-00004,0.9903757949611913
1,dependency-00000,ontology-00004,0.9923147224905191
1,dependency-00000,dependency-00004,0.9929013315392028
1,dependency-00000,iterative-00005,0.991660496516566
1,dependency-00000,ontology-00005,0.9906348043755616
1,dependency-00000,dependency-00005,0.991200659132884
1,iterative-00001,iterative-00000,0.9879841337177091
1,iterative-00001,ontology-00000,0.9881690053296752
1,iterative-00001,dependency-00000,0.989220493776371
1,iterative-00001,iterative-00001,1.0000000000000004
1,iterative-00001,ontology-00001,0.9894892338316889
1,iterative-00001,dependency-00001,0.9890029981256673
1,iterative-00001,iterative-00002,0.9881603678257653
1,iterative-00001,ontology-00002,0.9891374223671046
1,iterative-00001,dependency-00002,0.9858247882135177
1,iterative-00001,iterative-00003,0.9874502133244718
1,iterative-00001,ontology-00003,0.9905729056118593
1,iterative-00001,dependency-00003,0.989869158200424
1,iterative-00001,iterative-00004,0.9918100613402715
1,iterative-00001,ontology-00004,0.9884986024442763
1,iterative-00001,dependency-00004,0.988923176467277
1,iterative-00001,iterative-00005,0.988703688786693
1,iterative-00001,ontology-00005,0.9887662450687927
1,iterative-00001,dependency-00005,0.9854219117299353
1,ontology-00001,iterative-00000,0.9892052028970083
1,ontology-00001,ontology-00000,0.9886711333493234
1,ontology-00001,dependency-00000,0.990166834140652
1,ontology-00001,iterative-00001,0.9894892338316889
1,ontology-00001,ontology-00001,1.0000000000000004
1,ontology-00001,dependency-00001,0.9926319339478566
1,ontology-00001,iterative-00002,0.9914115607891199
1,ontology-00001,ontology-00002,0.9890121380597914
1,ontology-00001,dependency-00002,0.9931316057007947
1,ontology-00001,iterative-00003,0.991953187951428
1,ontology-00001,ontology-00003,0.992387884103086
1,ontology-00001,dependency-00003,0.9947385377098182
1,ontology-00001,iterative-00004,0.9921188015838589
1,ontology-00001,ontology-00004,0.9897710531320109
1,ontology-00001,dependency-00004,0.9922485068821635
1,ontology-00001,iterative-00005,0.9910773555404211
1,ontology-00001,ontology-00005,0.9919487114174643
1,ontology-00001,dependency-00005,0.9917497207443402
1,dependency-00001,iterative-00000,0.9896283812529083
1,dependency-00001,ontology-00000,0.9881003278642364
1,dependency-00001,dependency-00000,0.9892739437014876
1,dependency-00001,iterative-00001,0.9890029981256673
1,dependency-00001,ontology-00001,0.9926319339478566
1,dependency-00001,dependency-00001,1.0000000000000004
1,dependency-00001,iterative-00002,0.9905025739236846
1,dependency-00001,ontology-00002,0.9898617267246724
1,dependency-00001,dependency-00002,0.9923083658497998
1,dependency-00001,iterative-00003,0.991730653378606
1,dependency-00001,ontology-00003,0.9916558563878755
1,dependency-00001,dependency-00003,0.992343411481682
1,dependency-00001,iterative-00004,0.9918541957103982
1,dependency-00001,ontology-00004,0.9921984676468687
1,dependency-00001,dependency-00004,0.9925903758545012
1,dependency-00001,iterative-00005,0.9927052938633005
1,dependency-00001,ontology-00005,0.9914665771410084
1,dependency-00001,dependency-00005,0.9888134618731041
1,iterative-00002,iterative-00000,0.99050129302288
1,iterative-00002,ontology-00000,0.986518930200601
1,iterative-00002,dependency-00000,0.9905742760322553
1,iterative-00002,iterative-00001,0.9881603678257653
1,iterative-00002,ontology-00001,0.9914115607891199
1,iterative-00002,dependency-00001,0.9905025739236846
1,iterative-00002,iterative-00002,0.9999999999999998
1,iterative-00002,ontology-00002,0.9897843525388325
1,iterative-00002,dependency-00002,0.9915968739085308
1,iterative-00002,iterative-00003,0.990042062333166
1,iterative-00002,ontology-00003,0.9918695523446308
1,iterative-00002,dependency-00003,0.9929315304129694
1,iterative-00002,iterative-00004,0.9912706016040007
1,iterative-00002,ontology-00004,0.9913028036714456
1,iterative-00002,dependency-00004,0.991458125269643
1,iterative-00002,iterative-00005,0.9908682634647795
1,iterative-00002,ontology-00005,0.9905120266038616
1,iterative-00002,dependency-00005,0.9909159299292206
1,ontology-00002,iterative-00000,0.992077199357672
1,ontology-00002,ontology-00000,0.9867078277436148
1,ontology-00002,dependency-00000,0.9920593001900005
1,ontology-00002,iterative-00001,0.9891374223671046
1,ontology-00002,ontology-00001,0.9890121380597914
1,ontology-00002,dependency-00001,0.9898617267246723
1,ontology-00002,iterative-00002,0.9897843525388325
1,ontology-00002,ontology-00002,1.0000000000000002
1,ontology-00002,dependency-00002,0.9889953187137213
1,ontology-00002,iterative-00003,0.9901376833708468
1,ontology-00002,ontology-00003,0.9922897993151523
1,ontology-00002,dependency-00003,0.9909446080297879
1,ontology-00002,iterative-00004,0.9912917123749211
1,ontology-00002,ontology-00004,0.9909869782943441
1,ontology-00002,dependency-00004,0.9906700713940619
1,ontology-00002,iterative-00005,0.9928188895526817
1,ontology-00002,ontology-00005,0.9909518292413142
1,ontology-00002,dependency-00005,0.9882498583018441
1,dependency-00002,iterative-00000,0.9896567003574406
1,dependency-00002,ontology-00000,0.9870323191532135
1,dependency-00002,dependency-00000,0.989298059867264
1,dependency-00002,iterative-00001,0.9858247882135177
1,dependency-00002,ontology-00001,0.9931316057007947
1,dependency-00002,dependency-00001,0.9923083658498
1,dependency-00002,iterative-00002,0.9915968739085308
1,dependency-00002,ontology-00002,0.9889953187137213
1,dependency-00002,dependency-00002,0.9999999999999991
1,dependency-00002,iterative-00003,0.9917325293030863
1,dependency-00002,ontology-00003,0.9920761724894892
1,dependency-00002,dependency-00003,0.9937401565001677
1,dependency-00002,iterative-00004,0.9929288261205498
1,dependency-00002,ontology-00004,0.9904731510554998
1,dependency-00002,dependency-00004,0.9919206469827615
1,dependency-00002,iterative-00005,0.9911345637329102
1,dependency-00002,ontology-00005,0.9922084561501472
1,dependency-00002,dependency-00005,0.9885878172437517
1,iterative-00003,iterative-00000,0.9897961282358418
1,iterative-00003,ontology-00000,0.9872950675314078
1,iterative-00003,dependency-00000,0.9906738047732631
1,iterative-00003,iterative-00001,0.9874502133244718
1,iterative-00003,ontology-00001,0.991953187951428
1,iterative-00003,dependency-00001,0.991730653378606
1,iterative-00003,iterative-00002,0.990042062333166
1,iterative-00003,ontology-00002,0.9901376833708468
1,iterative-00003,dependency-00002,0.9917325293030863
1,iterative-00003,iterative-00003,1.0000000000000002
1,iterative-00003,ontology-00003,0.9913870986342264
1,iterative-00003,dependency-00003,0.992369203544889
1,iterative-00003,iterative-00004,0.9927250839777679
1,iterative-00003,ontology-00004,0.9902751481428385
1,iterative-00003,dependency-00004,0.9921911457910388
1,iterative-00003,iterative-00005,0.9935541599663781
1,iterative-00003,ontology-00005,0.9929696106742953
1,iterative-00003,dependency-00005,0.9892719439127409
1,ontology-00003,iterative-00000,0.9922800149152236
1,ontology-00003,ontology-00000,0.989545270704617
1,ontology-00003,dependency-00000,0.99079468096825
1,ontology-00003,iterative-00001,0.9905729056118593
1,ontology-00003,ontology-00001,0.992387884103086
1,ontology-00003,dependency-00001,0.9916558563878755
1,ontology-00003,iterative-00002,0.9918695523446307
1,ontology-00003,ontology-00002,0.9922897993151523
1,ontology-00003,dependency-00002,0.9920761724894892
1,ontology-00003,iterative-00003,0.9913870986342264
1,ontology-00003,ontology-00003,1.0000000000000002
1,ontology-00003,dependency-00003,0.9917272463876462
1,ontology-00003,iterative-00004,0.9928742090350327
1,ontology-00003,ontology-00004,0.9920676057913658
1,ontology-00003,dependency-00004,0.992860559662047
1,ontology-00003,iterative-00005,0.992787975481745
1,ontology-00003,ontology-00005,0.9923062731438244
1,ontology-00003,dependency-00005,0.9900528936838109
1,dependency-00003,iterative-00000,0.9887606885581769
1,dependency-00003,ontology-00000,0.9883125417552694
1,dependency-00003,dependency-00000,0.99241005940886
1,dependency-00003,iterative-00001,0.989869158200424
1,dependency-00003,ontology-00001,0.9947385377098182
1,dependency-00003,dependency-00001,0.992343411481682
1,dependency-00003,iterative-00002,0.9929315304129694
1,dependency-00003,ontology-00002,0.9909446080297879
1,dependency-00003,dependency-00002,0.9937401565001677
1,dependency-00003,iterative-00003,0.992369203544889
1,dependency-00003,ontology-00003,0.9917272463876463
1,dependency-00003,dependency-00003,0.9999999999999998
1,dependency-00003,iterative-00004,0.9931335694918129
1,dependency-00003,ontology-00004,0.9920163396276347
1,dependency-00003,dependency-00004,0.992883226220714
1,dependency-00003,iterative-00005,0.991973106545425
1,dependency-00003,ontology-00005,0.9920519459505694
1,dependency-00003,dependency-00005,0.9908848048043126
1,iterative-00004,iterative-00000,0.990266215643294
1,iterative-00004,ontology-00000,0.9893312795863574
1,iterative-00004,dependency-00000,0.9903757949611913
1,iterative-00004,iterative-00001,0.9918100613402715
1,iterative-00004,ontology-00001,0.9921188015838589
1,iterative-00004,dependency-00001,0.9918541957103982
1,iterative-00004,iterative-00002,0.9912706016040007
1,iterative-00004,ontology-00002,0.9912917123749211
1,iterative-00004,dependency-00002,0.9929288261205498
1,iterative-00004,iterative-00003,0.9927250839777679
1,iterative-00004,ontology-00003,0.9928742090350327
1,iterative-00004,dependency-00003,0.9931335694918129
1,iterative-00004,iterative-00004,0.9999999999999997
1,iterative-00004,ontology-00004,0.9926499279573984
1,iterative-00004,dependency-00004,0.9937390370838897
1,iterative-00004,iterative-00005,0.9925032100404658
1,iterative-00004,ontology-00005,0.9924710910402199
1,iterative-00004,dependency-00005,0.9915317889662383
1,ontology-00004,iterative-00000,0.9927313549735786
1,ontology-00004,ontology-00000,0.988790904587789
1,ontology-00004,dependency-00000,0.9923147224905191
1,ontology-00004,iterative-00001,0.9884986024442763
1,ontology-00004,ontology-00001,0.9897710531320109
1,ontology-00004,dependency-00001,0.9921984676468687
1,ontology-00004,iterative-00002,0.9913028036714456
1,ontology-00004,ontology-00002,0.9909869782943441
1,ontology-00004,dependency-00002,0.9904731510554998
1,ontology-00004,iterative-00003,0.9902751481428385
1,ontology-00004,ontology-00003,0.9920676057913658
1,ontology-00004,dependency-00003,0.9920163396276347
1,ontology-00004,iterative-00004,0.9926499279573984
1,ontology-00004,ontology-00004,0.9999999999999994
1,ontology-00004,dependency-00004,0.9922857280842143
1,ontology-00004,iterative-00005,0.991386668815863
1,ontology-00004,ontology-00005,0.992187725535222
1,ontology-00004,dependency-00005,0.9889655994951538
1,dependency-00004,iterative-00000,0.9879215315593182
1,dependency-00004,ontology-00000,0.9895193740428894
1,dependency-00004,dependency-00000,0.9929013315392028
1,dependency-00004,iterative-00001,0.988923176467277
1,dependency-00004,ontology-00001,0.9922485068821635
1,dependency-00004,dependency-00001,0.9925903758545012
1,dependency-00004,iterative-00002,0.991458125269643
1,dependency-00004,ontology-00002,0.9906700713940619
1,dependency-00004,dependency-00002,0.9919206469827615
1,dependency-00004,iterative-00003,0.9921911457910388
1,dependency-00004,ontology-00003,0.992860559662047
1,dependency-00004,dependency-00003,0.992883226220714
1,dependency-00004,iterative-00004,0.9937390370838897
1,dependency-00004,ontology-00004,0.9922857280842143
1,dependency-00004,dependency-00004,0.9999999999999999
1,dependency-00004,iterative-00005,0.9912740298485176
1,dependency-00004,ontology-00005,0.9945204396568086
1,dependency-00004,dependency-00005,0.9920824673723491
1,iterative-00005,iterative-00000,0.9921380820623813
1,iterative-00005,ontology-00000,0.9893184112401104
1,iterative-00005,dependency-00000,0.991660496516566
1,iterative-00005,iterative-00001,0.988703688786693
1,iterative-00005,ontology-00001,0.9910773555404211
1,iterative-00005,dependency-00001,0.9927052938633005
1,iterative-00005,iterative-00002,0.9908682634647795
1,iterative-00005,ontology-00002,0.9928188895526817
1,iterative-00005,dependency-00002,0.9911345637329102
1,iterative-00005,iterative-00003,0.9935541599663781
1,iterative-00005,ontology-00003,0.992787975481745
1,iterative-00005,dependency-00003,0.991973106545425
1,iterative-00005,iterative-00004,0.9925032100404658
1,iterative-00005,ontology-00004,0.991386668815863
1,iterative-00005,dependency-00004,0.9912740298485176
1,iterative-00005,iterative-00005,1.0000000000000002
1,iterative-00005,ontology-00005,0.9922897211685919
1,iterative-00005,dependency-00005,0.9908956377267684
1,ontology-00005,iterative-00000,0.9919297241833192
1,ontology-00005,ontology-00000,0.9892276607502937
1,ontology-00005,dependency-00000,0.9906348043755616
1,ontology-00005,iterative-00001,0.9887662450687927
1,ontology-00005,ontology-00001,0.9919487114174643
1,ontology-00005,dependency-00001,0.9914665771410084
1,ontology-00005,iterative-00002,0.9905120266038616
1,ontology-00005,ontology-00002,0.9909518292413142
1,ontology-00005,dependency-00002,0.9922084561501472
1,ontology-00005,iterative-00003,0.9929696106742953
1,ontology-00005,ontology-00003,0.9923062731438242
1,ontology-00005,dependency-00003,0.9920519459505694
1,ontology-00005,iterative-00004,0.9924710910402198
1,ontology-00005,ontology-00004,0.992187725535222
1,ontology-00005,dependency-00004,0.9945204396568086
1,ontology-00005,iterative-00005,0.9922897211685919
1,ontology-00005,ontology-00005,0.9999999999999996
1,ontology-00005,dependency-00005,0.991305453414946
1,dependency-00005,iterative-00000,0.9875555111586908
1,dependency-00005,ontology-00000,0.9856361726842728
1,dependency-00005,dependency-00000,0.991200659132884
1,dependency-00005,iterative-00001,0.9854219117299353
1,dependency-00005,ontology-00001,0.9917497207443402
1,dependency-00005,dependency-00001,0.9888134618731041
1,dependency-00005,iterative-00002,0.9909159299292206
1,dependency-00005,ontology-00002,0.9882498583018441
1,dependency-00005,dependency-00002,0.9885878172437517
1,dependency-00005,iterative-00003,0.989271943912741
1,dependency-00005,ontology-00003,0.9900528936838109
1,dependency-00005,dependency-00003,0.9908848048043126
1,dependency-00005,iterative-00004,0.9915317889662384
1,dependency-00005,ontology-00004,0.9889655994951538
1,dependency-00005,dependency-00004,0.9920824673723491
1,dependency-00005,iterative-00005,0.9908956377267684
1,dependency-00005,ontology-00005,0.9913054534149461
1,dependency-00005,dependency-00005,1.0000000000000004
2,iterative-00000,iterative-00000,0.9999999999999997
2,iterative-00000,ontology-00000,0.994089278866173
2,iterative-00000,dependency-00000,0.9928771136005325
2,iterative-00000,iterative-00001,0.9944957826874665
2,iterative-00000,ontology-00001,0.9930943776114453
2,iterative-00000,dependency-00001,0.9924805836252861
2,iterative-00000,iterative-00002,0.9943592961484888
2,iterative-00000,ontology-00002,0.9924360260676598
2,iterative-00000,dependency-00002,0.9931131276218856
2,iterative-00000,iterative-00003,0.9927106492848288
2,iterative-00000,ontology-00003,0.993020860371562
2,iterative-00000,dependency-00003,0.9933673934560433
2,iterative-00000,iterative-00004,0.9941036096193184
2,iterative-00000,ontology-00004,0.9927571632707567
2,iterative-00000,dependency-00004,0.9932806259727232
2,iterative-00000,iterative-00005,0.9927444273027641
2,iterative-00000,ontology-00005,0.9939970515650108
2,iterative-00000,dependency-00005,0.9941302376138944
2,ontology-00000,iterative-00000,0.994089278866173
2,ontology-00000,ontology-00000,1.0000000000000002
2,ontology-00000,dependency-00000,0.993457219892636
2,ontology-00000,iterative-00001,0.9948364465733788
2,ontology-00000,ontology-00001,0.9943479891702439
2,ontology-00000,dependency-00001,0.9939481843818989
2,ontology-00000,iterative-00002,0.9944290851157731
2,ontology-00000,ontology-00002,0.9949259950719123
2,ontology-00000,dependency-00002,0.9949942000959626
2,ontology-00000,iterative-00003,0.9931076030104646
2,ontology-00000,ontology-00003,0.9946544165762841
2,ontology-00000,dependency-00003,0.9949444978408262
2,ontology-00000,iterative-00004,0.9956461241626214
2,ontology-00000,ontology-00004,0.9930816000683658
2,ontology-00000,dependency-00004,0.9941430459558817
2,ontology-00000,iterative-00005,0.9926332974161108
2,ontology-00000,ontology-00005,0.9935409131308262
2,ontology-00000,dependency-00005,0.99343012369307
2,dependency-00000,iterative-00000,0.9928771136005325
2,dependency-00000,ontology-00000,0.993457219892636
2,dependency-00000,dependency-00000,0.9999999999999999
2,dependency-00000,iterative-00001,0.9949863322541114
2,dependency-00000,ontology-00001,0.9932934149502497
2,dependency-00000,dependency-00001,0.9936164971789585
2,dependency-00000,iterative-00002,0.9941487217678955
2,dependency-00000,ontology-00002,0.9948256422032045
2,dependency-00000,dependency-00002,0.9944058435651626
2,dependency-00000,iterative-00003,0.9935921834642225
2,dependency-00000,ontology-00003,0.994491548604401
2,dependency-00000,dependency-00003,0.9933850352411088
2,dependency-00000,iterative-00004,0.9937657900476101
2,dependency-00000,ontology-00004,0.9950498195327266
2,dependency-00000,dependency-00004,0.9939945191057245
2,dependency-00000,iterative-00005,0.9944779376916788
2,dependency-00000,ontology-00005,0.9944953707336424
2,dependency-00000,dependency-00005,0.9951337044979861
2,iterative-00001,iterative-00000,0.9944957826874665
2,iterative-00001,ontology-00000,0.9948364465733788
2,iterative-00001,dependency-00000,0.9949863322541114
2,iterative-00001,iterative-00001,1.0
2,iterative-00001,ontology-00001,0.9950039969564599
2,iterative-00001,dependency-00001,0.9938937545749282
2,iterative-00001,iterative-00002,0.9960671749083202
2,iterative-00001,ontology-00002,0.9966019631729716
2,iterative-00001,dependency-00002,0.9957760379319232
2,iterative-00001,iterative-00003,0.995184799426343
2,iterative-00001,ontology-00003,0.995841843503502
2,iterative-00001,dependency-00003,0.9954187636080524
2,iterative-00001,iterative-00004,0.9963275248426106
2,iterative-00001,ontology-00004,0.9950966372022338
2,iterative-00001,dependency-00004,0.9958499731768988
2,iterative-00001,iterative-00005,0.9955780397106275
2,iterative-00001,ontology-00005,0.9950197250389419
2,iterative-00001,dependency-00005,0.9956135117892847
2,ontology-00001,iterative-00000,0.9930943776114453
2,ontology-00001,ontology-00000,0.9943479891702439
2,ontology-00001,dependency-00000,0.9932934149502497
2,ontology-00001,iterative-00001,0.9950039969564599
2,ontology-00001,ontology-00001,1.0
2,ontology-00001,dependency-00001,0.9934180377240313
2,ontology-00001,iterative-00002,0.9948508857350842
2,ontology-00001,ontology-00002,0.9945825690977156
2,ontology-00001,dependency-00002,0.9945473716383998
2,ontology-00001,iterative-00003,0.9930448449310224
2,ontology-00001,ontology-00003,0.9953012543456377
2,ontology-00001,dependency-00003,0.9942885433970402
2,ontology-00001,iterative-00004,0.9955286832289201
2,ontology-00001,ontology-00004,0.9935659110991627
2,ontology-00001,dependency-00004,0.9953573409551161
2,ontology-00001,iterative-00005,0.9946863794766727
2,ontology-00001,ontology-00005,0.9951829905919508
2,ontology-00001,dependency-00005,0.993785048166656
2,dependency-00001,iterative-00000,0.9924805836252861
2,dependency-00001,ontology-00000,0.9939481843818988
2,dependency-00001,dependency-00000,0.9936164971789585
2,dependency-00001,iterative-00001,0.9938937545749283
2,dependency-00001,ontology-00001,0.9934180377240313
2,dependency-00001,dependency-00001,1.0
2,dependency-00001,iterative-00002,0.9942799884134712
2,dependency-00001,ontology-00002,0.9936175176589768
2,dependency-00001,dependency-00002,0.9948689746418093
2,dependency-00001,iterative-00003,0.9946713557501616
2,dependency-00001,ontology-00003,0.9953460813068927
2,dependency-00001,dependency-00003,0.9949711102482004
2,dependency-00001,iterative-00004,0.9948897585297403
2,dependency-00001,ontology-00004,0.9942252211693401
2,dependency-00001,dependency-00004,0.9951120179389367
2,dependency-00001,iterative-00005,0.9940751686144053
2,dependency-00001,ontology-00005,0.9953639666586394
2,dependency-00001,dependency-00005,0.9947347327686031
2,iterative-00002,iterative-00000,0.9943592961484888
2,iterative-00002,ontology-00000,0.9944290851157731
2,iterative-00002,dependency-00000,0.9941487217678955
2,iterative-00002,iterative-00001,0.9960671749083203
2,iterative-00002,ontology-00001,0.9948508857350842
2,iterative-00002,dependency-00001,0.9942799884134712
2,iterative-00002,iterative-00002,1.0
2,iterative-00002,ontology-00002,0.9951765122770461
2,iterative-00002,dependency-00002,0.9951814245943678
2,iterative-00002,iterative-00003,0.9961159318925252
2,iterative-00002,ontology-00003,0.9952964495464919
2,iterative-00002,dependency-00003,0.9952337639795079
2,iterative-00002,iterative-00004,0.9955526981408188
2,iterative-00002,ontology-00004,0.9937508839754892
2,iterative-00002,dependency-00004,0.996615202942078
2,iterative-00002,iterative-00005,0.9953119175827618
2,iterative-00002,ontology-00005,0.9959415070857289
2,iterative-00002,dependency-00005,0.9946617135630205
2,ontology-00002,iterative-00000,0.9924360260676598
2,ontology-00002,ontology-00000,0.9949259950719123
2,ontology-00002,dependency-00000,0.9948256422032045
2,ontology-00002,iterative-00001,0.9966019631729716
2,ontology-00002,ontology-00001,0.9945825690977156
2,ontology-00002,dependency-00001,0.9936175176589768
2,ontology-00002,iterative-00002,0.9951765122770461
2,ontology-00002,ontology-00002,1.0000000000000004
2,ontology-00002,dependency-00002,0.9960268303218343
2,ontology-00002,iterative-00003,0.9940942027333498
2,ontology-00002,ontology-00003,0.9968474083899042
2,ontology-00002,dependency-00003,0.995462983315921
2,ontology-00002,iterative-00004,0.9950678132663013
2,ontology-00002,ontology-00004,0.994485430305478
2,ontology-00002,dependency-00004,0.995674411619287
2,ontology-00002,iterative-00005,0.9949880724075659
2,ontology-00002,ontology-00005,0.9941233090386701
2,ontology-00002,dependency-00005,0.9953052299737344
2,dependency-00002,iterative-00000,0.9931131276218856
2,dependency-00002,ontology-00000,0.9949942000959626
2,dependency-00002,dependency-00000,0.9944058435651624
2,dependency-00002,iterative-00001,0.9957760379319232
2,dependency-00002,ontology-00001,0.9945473716383998
2,dependency-00002,dependency-00001,0.9948689746418093
2,dependency-00002,iterative-00002,0.9951814245943678
2,dependency-00002,ontology-00002,0.9960268303218343
2,dependency-00002,dependency-00002,0.9999999999999996
2,dependency-00002,iterative-00003,0.995904707398028
2,dependency-00002,ontology-00003,0.9954457277955618
2,dependency-00002,dependency-00003,0.9952480055314201
2,dependency-00002,iterative-00004,0.9953271776140419
2,dependency-00002,ontology-00004,0.9950188064576033
2,dependency-00002,dependency-00004,0.9955528539467509
2,dependency-00002,iterative-00005,0.9957503427382809
2,dependency-00002,ontology-00005,0.9973538584094297
2,dependency-00002,dependency-00005,0.9957317537860355
2,iterative-00003,iterative-00000,0.9927106492848288
2,iterative-00003,ontology-00000,0.9931076030104646
2,iterative-00003,dependency-00000,0.9935921834642226
2,iterative-00003,iterative-00001,0.995184799426343
2,iterative-00003,ontology-00001,0.9930448449310225
2,iterative-00003,dependency-00001,0.9946713557501616
2,iterative-00003,iterative-00002,0.9961159318925252
2,iterative-00003,ontology-00002,0.9940942027333498
2,iterative-00003,dependency-00002,0.995904707398028
2,iterative-00003,iterative-00003,1.0000000000000004
2,iterative-00003,ontology-00003,0.9945284770144602
2,iterative-00003,dependency-00003,0.9948164184828977
2,iterative-00003,iterative-00004,0.9937797965342186
2,iterative-00003,ontology-00004,0.9938065466992474
2,iterative-00003,dependency-00004,0.9948491741865144
2,iterative-00003,iterative-00005,0.994737576225397
2,iterative-00003,ontology-00005,0.9957687398258769
2,iterative-00003,dependency-00005,0.9944241352571341
2,ontology-00003,iterative-00000,0.993020860371562
2,ontology-00003,ontology-00000,0.9946544165762841
2,ontology-00003,dependency-00000,0.994491548604401
2,ontology-00003,iterative-00001,0.995841843503502
2,ontology-00003,ontology-00001,0.9953012543456377
2,ontology-00003,dependency-00001,0.9953460813068927
2,ontology-00003,iterative-00002,0.9952964495464919
2,ontology-00003,ontology-00002,0.9968474083899042
2,ontology-00003,dependency-00002,0.9954457277955618
2,ontology-00003,iterative-00003,0.9945284770144601
2,ontology-00003,ontology-00003,1.0000000000000007
2,ontology-00003,dependency-00003,0.9963372551844287
2,ontology-00003,iterative-00004,0.9951177515877974
2,ontology-00003,ontology-00004,0.9952729750721465
2,ontology-00003,dependency-00004,0.9962070470561784
2,ontology-00003,iterative-00005,0.9960159526604881
2,ontology-00003,ontology-00005,0.9948409666716898
2,ontology-00003,dependency-00005,0.9946184042871701
2,dependency-00003,iterative-00000,0.9933673934560433
2,dependency-00003,ontology-00000,0.9949444978408262
2,dependency-00003,dependency-00000,0.9933850352411088
2,dependency-00003,iterative-00001,0.9954187636080524
2,dependency-00003,ontology-00001,0.9942885433970402
2,dependency-00003,dependency-00001,0.9949711102482004
2,dependency-00003,iterative-00002,0.995233763979508
2,dependency-00003,ontology-00002,0.995462983315921
2,dependency-00003,dependency-00002,0.9952480055314201
2,dependency-00003,iterative-00003,0.9948164184828977
2,dependency-00003,ontology-00003,0.9963372551844287
2,dependency-00003,dependency-00003,1.0000000000000002
2,dependency-00003,iterative-00004,0.9943940687428805
2,dependency-00003,ontology-00004,0.9950632726222609
2,dependency-00003,dependency-00004,0.9948212400633962
2,dependency-00003,iterative-00005,0.9948661586764411
2,dependency-00003,ontology-00005,0.994677620638851
2,dependency-00003,dependency-00005,0.9935884721870478
2,iterative-00004,iterative-00000,0.9941036096193184
2,iterative-00004,ontology-00000,0.9956461241626215
2,iterative-00004,dependency-00000,0.9937657900476101
2,iterative-00004,iterative-00001,0.9963275248426106
2,iterative-00004,ontology-00001,0.9955286832289201
2,iterative-00004,dependency-00001,0.9948897585297402
2,iterative-00004,iterative-00002,0.9955526981408188
2,iterative-00004,ontology-00002,0.9950678132663013
2,iterative-00004,dependency-00002,0.9953271776140419
2,iterative-00004,iterative-00003,0.9937797965342186
2,iterative-00004,ontology-00003,0.9951177515877974
2,iterative-00004,dependency-00003,0.9943940687428805
2,iterative-00004,iterative-00004,1.0000000000000007
2,iterative-00004,ontology-00004,0.9936042096924825
2,iterative-00004,dependency-00004,0.9966786567981398
2,iterative-00004,iterative-00005,0.9951519685504873
2,iterative-00004,ontology-00005,0.99478277712077
2,iterative-00004,dependency-00005,0.9946357849069457
2,ontology-00004,iterative-00000,0.9927571632707567
2,ontology-00004,ontology-00000,0.9930816000683659
2,ontology-00004,dependency-00000,0.9950498195327266
2,ontology-00004,iterative-00001,0.9950966372022337
2,ontology-00004,ontology-00001,0.9935659110991627
2,ontology-00004,dependency-00001,0.9942252211693401
2,ontology-00004,iterative-00002,0.9937508839754892
2,ontology-00004,ontology-00002,0.994485430305478
2,ontology-00004,dependency-00002,0.9950188064576033
2,ontology-00004,iterative-00003,0.9938065466992474
2,ontology-00004,ontology-00003,0.9952729750721465
2,ontology-00004,dependency-00003,0.9950632726222609
2,ontology-00004,iterative-00004,0.9936042096924825
2,ontology-00004,ontology-00004,1.0
2,ontology-00004,dependency-00004,0.9939542076000263
2,ontology-00004,iterative-00005,0.9952923446905445
2,ontology-00004,ontology-00005,0.9941603323528438
2,ontology-00004,dependency-00005,0.994947919657579
2,dependency-00004,iterative-00000,0.9932806259727232
2,dependency-00004,ontology-00000,0.9941430459558817
2,dependency-00004,dependency-00000,0.9939945191057245
2,dependency-00004,iterative-00001,0.9958499731768986
2,dependency-00004,ontology-00001,0.9953573409551161
2,dependency-00004,dependency-00001,0.9951120179389366
2,dependency-00004,iterative-00002,0.996615202942078
2,dependency-00004,ontology-00002,0.995674411619287
2,dependency-00004,dependency-00002,0.9955528539467509
2,dependency-00004,iterative-00003,0.9948491741865143
2,dependency-00004,ontology-00003,0.9962070470561784
2,dependency-00004,dependency-00003,0.9948212400633962
2,dependency-00004,iterative-00004,0.9966786567981398
2,dependency-00004,ontology-00004,0.9939542076000263
2,dependency-00004,dependency-00004,1.0
2,dependency-00004,iterative-00005,0.9960139524274283
2,dependency-00004,ontology-00005,0.9956775033363503
2,dependency-00004,dependency-00005,0.9954775212980922
2,iterative-00005,iterative-00000,0.9927444273027641
2,iterative-00005,ontology-00000,0.9926332974161108
2,iterative-00005,dependency-00000,0.994477937691679
2,iterative-00005,iterative-00001,0.9955780397106275
2,iterative-00005,ontology-00001,0.9946863794766727
2,iterative-00005,dependency-00001,0.9940751686144053
2,iterative-00005,iterative-00002,0.9953119175827618
2,iterative-00005,ontology-00002,0.9949880724075659
2,iterative-00005,dependency-00002,0.9957503427382809
2,iterative-00005,iterative-00003,0.994737576225397
2,iterative-00005,ontology-00003,0.9960159526604881
2,iterative-00005,dependency-00003,0.9948661586764411
2,iterative-00005,iterative-00004,0.9951519685504873
2,iterative-00005,ontology-00004,0.9952923446905445
2,iterative-00005,dependency-00004,0.9960139524274283
2,iterative-00005,iterative-00005,1.0000000000000002
2,iterative-00005,ontology-00005,0.9957990694007891
2,iterative-00005,dependency-00005,0.9948288331736294
2,ontology-00005,iterative-00000,0.9939970515650108
2,ontology-00005,ontology-00000,0.9935409131308262
2,ontology-00005,dependency-00000,0.9944953707336424
2,ontology-00005,iterative-00001,0.9950197250389419
2,ontology-00005,ontology-00001,0.9951829905919508
2,ontology-00005,dependency-00001,0.9953639666586394
2,ontology-00005,iterative-00002,0.9959415070857289
2,ontology-00005,ontology-00002,0.9941233090386701
2,ontology-00005,dependency-00002,0.9973538584094297
2,ontology-00005,iterative-00003,0.9957687398258769
2,ontology-00005,ontology-00003,0.9948409666716898
2,ontology-00005,dependency-00003,0.9946776206388509
2,ontology-00005,iterative-00004,0.99478277712077
2,ontology-00005,ontology-00004,0.9941603323528438
2,ontology-00005,dependency-00004,0.9956775033363502
2,ontology-00005,iterative-00005,0.995799069400789
2,ontology-00005,ontology-00005,1.0
2,ontology-00005,dependency-00005,0.9953020509278176
2,dependency-00005,iterative-00000,0.9941302376138944
2,dependency-00005,ontology-00000,0.99343012369307
2,dependency-00005,dependency-00000,0.9951337044979861
2,dependency-00005,iterative-00001,0.9956135117892847
2,dependency-00005,ontology-00001,0.993785048166656
2,dependency-00005,dependency-00001,0.9947347327686031
2,dependency-00005,iterative-00002,0.9946617135630205
2,dependency-00005,ontology-00002,0.9953052299737344
2,dependency-00005,dependency-00002,0.9957317537860353
2,dependency-00005,iterative-00003,0.9944241352571341
2,dependency-00005,ontology-00003,0.9946184042871701
2,dependency-00005,dependency-00003,0.9935884721870478
2,dependency-00005,iterative-00004,0.9946357849069457
2,dependency-00005,ontology-00004,0.994947919657579
2,dependency-00005,dependency-00004,0.9954775212980922
2,dependency-00005,iterative-00005,0.9948288331736295
2,dependency-00005,ontology-00005,0.9953020509278176
2,dependency-00005,dependency-00005,1.0000000000000002
3,iterative-00000,iterative-00000,1.0000000000000004
3,iterative-00000,ontology-00000,0.9962891110716177
3,iterative-00000,dependency-00000,0.9964824146868715
3,iterative-00000,iterative-00001,0.9960545125581346
3,iterative-00000,ontology-00001,0.9955928922492578
3,iterative-00000,dependency-00001,0.9966423541596978
3,iterative-00000,iterative-00002,0.9959126645869039
3,iterative-00000,ontology-00002,0.996004786697634
3,iterative-00000,dependency-00002,0.9963250062144605
3,iterative-00000,iterative-00003,0.9961556383624772
3,iterative-00000,ontology-00003,0.99640637428194
3,iterative-00000,dependency-00003,0.9962670894840469
3,iterative-00000,iterative-00004,0.9963593735808467
3,iterative-00000,ontology-00004,0.9962893243567786
3,iterative-00000,dependency-00004,0.9963573658294698
3,iterative-00000,iterative-00005,0.9955099069674234
3,iterative-00000,ontology-00005,0.996911941837946
3,iterative-00000,dependency-00005,0.9950380534232115
3,ontology-00000,iterative-00000,0.9962891110716177
3,ontology-00000,ontology-00000,1.0000000000000007
3,ontology-00000,dependency-00000,0.9972458868263847
3,ontology-00000,iterative-00001,0.9967696204674048
3,ontology-00000,ontology-00001,0.9961498943717702
3,ontology-00000,dependency-00001,0.9962492688400122
3,ontology-00000,iterative-00002,0.9970717545681425
3,ontology-00000,ontology-00002,0.9971147397783499
3,ontology-00000,dependency-00002,0.9976856143501005
3,ontology-00000,iterative-00003,0.9975003683803756
3,ontology-00000,ontology-00003,0.9965072904482775
3,ontology-00000,dependency-00003,0.9964209655792531
3,ontology-00000,iterative-00004,0.9976095290284959
3,ontology-00000,ontology-00004,0.9970364093996844
3,ontology-00000,dependency-00004,0.9968005924020598
3,ontology-00000,iterative-00005,0.9965971503365666
3,ontology-00000,ontology-00005,0.9970675036989383
3,ontology-00000,dependency-00005,0.9962405627353816
3,dependency-00000,iterative-00000,0.9964824146868715
3,dependency-00000,ontology-00000,0.9972458868263847
3,dependency-00000,dependency-00000,0.9999999999999997
3,dependency-00000,iterative-00001,0.9962348790968902
3,dependency-00000,ontology-00001,0.9962815151491401
3,dependency-00000,dependency-00001,0.9971424114820459
3,dependency-00000,iterative-00002,0.9966706505286187
3,dependency-00000,ontology-00002,0.9971828826515428
3,dependency-00000,dependency-00002,0.9976206291226035
3,dependency-00000,iterative-00003,0.997680976551691
3,dependency-00000,ontology-00003,0.9968691149731047
3,dependency-00000,dependency-00003,0.9971759583100728
3,dependency-00000,iterative-00004,0.9974949984419422
3,dependency-00000,ontology-00004,0.9976970488822616
3,dependency-00000,dependency-00004,0.9968930335375144
3,dependency-00000,iterative-00005,0.9968007077135245
3,dependency-00000,ontology-00005,0.9974938136779226
3,dependency-00000,dependency-00005,0.9977177735622047
3,iterative-00001,iterative-00000,0.9960545125581346
3,iterative-00001,ontology-00000,0.9967696204674048
3,iterative-00001,dependency-00000,0.99623487909689
3,iterative-00001,iterative-00001,0.9999999999999997
3,iterative-00001,ontology-00001,0.996743066649919
3,iterative-00001,dependency-00001,0.9966819185830925
3,iterative-00001,iterative-00002,0.9966764506625407
3,iterative-00001,ontology-00002,0.9971285733633375
3,iterative-00001,dependency-00002,0.9969319187874899
3,iterative-00001,iterative-00003,0.99691525733253
3,iterative-00001,ontology-00003,0.9968223464783985
3,iterative-00001,dependency-00003,0.9965740289264506
3,iterative-00001,iterative-00004,0.9965982257886183
3,iterative-00001,ontology-00004,0.9969455109819187
3,iterative-00001,dependency-00004,0.9968763442051297
3,iterative-00001,iterative-00005,0.995655751715814
3,iterative-00001,ontology-00005,0.9968878425916187
3,iterative-00001,dependency-00005,0.9963423913922852
3,ontology-00001,iterative-00000,0.995592892249258
3,ontology-00001,ontology-00000,0.99614989437177
3,ontology-00001,dependency-00000,0.9962815151491401
3,ontology-00001,iterative-00001,0.996743066649919
3,ontology-00001,ontology-00001,1.0000000000000002
3,ontology-00001,dependency-00001,0.9958054722125788
3,ontology-00001,iterative-00002,0.9963022042310148
3,ontology-00001,ontology-00002,0.9960993265709135
3,ontology-00001,dependency-00002,0.996614785507733
3,ontology-00001,iterative-00003,0.9967787226212849
3,ontology-00001,ontology-00003,0.9962713965014347
3,ontology-00001,dependency-00003,0.9963942737106112
3,ontology-00001,iterative-00004,0.996889400466414
3,ontology-00001,ontology-00004,0.9960365313517153
3,ontology-00001,dependency-00004,0.996404300489946
3,ontology-00001,iterative-00005,0.9961043200213687
3,ontology-00001,ontology-00005,0.9968784171126558
3,ontology-00001,dependency-00005,0.9962261217996722
3,dependency-00001,iterative-00000,0.9966423541596978
3,dependency-00001,ontology-00000,0.9962492688400121
3,dependency-00001,dependency-00000,0.9971424114820459
3,dependency-00001,iterative-00001,0.9966819185830925
3,dependency-00001,ontology-00001,0.9958054722125789
3,dependency-00001,dependency-00001,1.0000000000000007
3,dependency-00001,iterative-00002,0.9971058844928615
3,dependency-00001,ontology-00002,0.9969983458565663
3,dependency-00001,dependency-00002,0.9973731818692742
3,dependency-00001,iterative-00003,0.9965786097590096
3,dependency-00001,ontology-00003,0.9965709292133282
3,dependency-00001,dependency-00003,0.9970835562001215
3,dependency-00001,iterative-00004,0.9967811464267645
3,dependency-00001,ontology-00004,0.9964281730685991
3,dependency-00001,dependency-00004,0.9969267027973825
3,dependency-00001,iterative-00005,0.9969652586408875
3,dependency-00001,ontology-00005,0.996449016217743
3,dependency-00001,dependency-00005,0.9972644646631594
3,iterative-00002,iterative-00000,0.9959126645869039
3,iterative-00002,ontology-00000,0.9970717545681425
3,iterative-00002,dependency-00000,0.9966706505286187
3,iterative-00002,iterative-00001,0.9966764506625407
3,iterative-00002,ontology-00001,0.9963022042310148
3,iterative-00002,dependency-00001,0.9971058844928616
3,iterative-00002,iterative-00002,1.0000000000000004
3,iterative-00002,ontology-00002,0.9972091530833381
3,iterative-00002,dependency-00002,0.9976736748374195
3,iterative-00002,iterative-00003,0.9967101293942725
3,iterative-00002,ontology-00003,0.9967308470225685
3,iterative-00002,dependency-00003,0.9964691403968766
3,iterative-00002,iterative-00004,0.9975078883690763
3,iterative-00002,ontology-00004,0.9968627968201688
3,iterative-00002,dependency-00004,0.9967841598020414
3,iterative-00002,iterative-00005,0.9961248230336087
3,iterative-00002,ontology-00005,0.9970013168409992
3,iterative-00002,dependency-00005,0.9964624473361493
3,ontology-00002,iterative-00000,0.996004786697634
3,ontology-00002,ontology-00000,0.9971147397783499
3,ontology-00002,dependency-00000,0.9971828826515428
3,ontology-00002,iterative-00001,0.9971285733633375
3,ontology-00002,ontology-00001,0.9960993265709135
3,ontology-00002,dependency-00001,0.9969983458565663
3,ontology-00002,iterative-00002,0.9972091530833381
3,ontology-00002,ontology-00002,1.0000000000000004
3,ontology-00002,dependency-00002,0.9969127256779516
3,ontology-00002,iterative-00003,0.9967357067820392
3,ontology-00002,ontology-00003,0.9970312556375444
3,ontology-00002,dependency-00003,0.9973145670738733
3,ontology-00002,iterative-00004,0.9972363231936088
3,ontology-00002,ontology-00004,0.9969519695324337
3,ontology-00002,dependency-00004,0.9963720065559009
3,ontology-00002,iterative-00005,0.9963082418949629
3,ontology-00002,ontology-00005,0.997545682832551
3,ontology-00002,dependency-00005,0.9956682101356533
3,dependency-00002,iterative-00000,0.9963250062144605
3,dependency-00002,ontology-00000,0.9976856143501005
3,dependency-00002,dependency-00000,0.9976206291226036
3,dependency-00002,iterative-00001,0.9969319187874899
3,dependency-00002,ontology-00001,0.996614785507733
3,dependency-00002,dependency-00001,0.9973731818692742
3,dependency-00002,iterative-00002,0.9976736748374195
3,dependency-00002,ontology-00002,0.9969127256779516
3,dependency-00002,dependency-00002,0.9999999999999998
3,dependency-00002,iterative-00003,0.997524830052116
3,dependency-00002,ontology-00003,0.9972298269929916
3,dependency-00002,dependency-00003,0.9969485086288341
3,dependency-00002,iterative-00004,0.9973581258642735
3,dependency-00002,ontology-00004,0.997421629460802
3,dependency-00002,dependency-00004,0.9973827311916541
3,dependency-00002,iterative-00005,0.9966163054259307
3,dependency-00002,ontology-00005,0.9971434801127437
3,dependency-00002,dependency-00005,0.9966717640094156
3,iterative-00003,iterative-00000,0.9961556383624772
3,iterative-00003,ontology-00000,0.9975003683803756
3,iterative-00003,dependency-00000,0.997680976551691
3,iterative-00003,iterative-00001,0.99691525733253
3,iterative-00003,ontology-00001,0.9967787226212849
3,iterative-00003,dependency-00001,0.9965786097590095
3,iterative-00003,iterative-00002,0.9967101293942725
3,iterative-00003,ontology-00002,0.9967357067820392
3,iterative-00003,dependency-00002,0.997524830052116
3,iterative-00003,iterative-00003,0.9999999999999991
3,iterative-00003,ontology-00003,0.996344043747559
3,iterative-00003,dependency-00003,0.9960283949935713
3,iterative-00003,iterative-00004,0.996922598966378
3,iterative-00003,ontology-00004,0.9965852377257854
3,iterative-00003,dependency-00004,0.9966987347983104
3,iterative-00003,iterative-00005,0.9958243498979059
3,iterative-00003,ontology-00005,0.9968647142558937
3,iterative-00003,dependency-00005,0.9971268736655297
3,ontology-00003,iterative-00000,0.99640637428194
3,ontology-00003,ontology-00000,0.9965072904482775
3,ontology-00003,dependency-00000,0.9968691149731047
3,ontology-00003,iterative-00001,0.9968223464783985
3,ontology-00003,ontology-00001,0.9962713965014347
3,ontology-00003,dependency-00001,0.9965709292133282
3,ontology-00003,iterative-00002,0.9967308470225685
3,ontology-00003,ontology-00002,0.9970312556375445
3,ontology-00003,dependency-00002,0.9972298269929916
3,ontology-00003,iterative-00003,0.996344043747559
3,ontology-00003,ontology-00003,1.0
3,ontology-00003,dependency-00003,0.9956082561678916
3,ontology-00003,iterative-00004,0.9963930174739306
3,ontology-00003,ontology-00004,0.9964352198824153
3,ontology-00003,dependency-00004,0.9965387688573636
3,ontology-00003,iterative-00005,0.9956560889878563
3,ontology-00003,ontology-00005,0.9963253783789896
3,ontology-00003,dependency-00005,0.9956176421794123
3,dependency-00003,iterative-00000,0.9962670894840469
3,dependency-00003,ontology-00000,0.9964209655792531
3,dependency-00003,dependency-00000,0.9971759583100728
3,dependency-00003,iterative-00001,0.9965740289264506
3,dependency-00003,ontology-00001,0.9963942737106112
3,dependency-00003,dependency-00001,0.9970835562001215
3,dependency-00003,iterative-00002,0.9964691403968766
3,dependency-00003,ontology-00002,0.9973145670738733
3,dependency-00003,dependency-00002,0.9969485086288341
3,dependency-00003,iterative-00003,0.9960283949935713
3,dependency-00003,ontology-00003,0.9956082561678916
3,dependency-00003,dependency-00003,1.0
3,dependency-00003,iterative-00004,0.9965142519349344
3,dependency-00003,ontology-00004,0.9976506956933074
3,dependency-00003,dependency-00004,0.996423319903847
3,dependency-00003,iterative-00005,0.9966672327822224
3,dependency-00003,ontology-00005,0.9972133243012473
3,dependency-00003,dependency-00005,0.9968357511243364
3,iterative-00004,iterative-00000,0.9963593735808467
3,iterative-00004,ontology-00000,0.997609529028496
3,iterative-00004,dependency-00000,0.9974949984419422
3,iterative-00004,iterative-00001,0.9965982257886183
3,iterative-00004,ontology-00001,0.996889400466414
3,iterative-00004,dependency-00001,0.9967811464267645
3,iterative-00004,iterative-00002,0.9975078883690763
3,iterative-00004,ontology-00002,0.9972363231936088
3,iterative-00004,dependency-00002,0.9973581258642735
3,iterative-00004,iterative-00003,0.9969225989663779
3,iterative-00004,ontology-00003,0.9963930174739306
3,iterative-00004,dependency-00003,0.9965142519349344
3,iterative-00004,iterative-00004,1.0000000000000004
3,iterative-00004,ontology-00004,0.997087409962711
3,iterative-00004,dependency-00004,0.9975967330624471
3,iterative-00004,iterative-00005,0.9968119132871724
3,iterative-00004,ontology-00005,0.9975804554680552
3,iterative-00004,dependency-00005,0.9957309720586729
3,ontology-00004,iterative-00000,0.9962893243567786
3,ontology-00004,ontology-00000,0.9970364093996844
3,ontology-00004,dependency-00000,0.9976970488822616
3,ontology-00004,iterative-00001,0.9969455109819187
3,ontology-00004,ontology-00001,0.9960365313517153
3,ontology-00004,dependency-00001,0.9964281730685991
3,ontology-00004,iterative-00002,0.9968627968201688
3,ontology-00004,ontology-00002,0.9969519695324337
3,ontology-00004,dependency-00002,0.997421629460802
3,ontology-00004,iterative-00003,0.9965852377257854
3,ontology-00004,ontology-00003,0.9964352198824153
3,ontology-00004,dependency-00003,0.9976506956933076
3,ontology-00004,iterative-00004,0.997087409962711
3,ontology-00004,ontology-00004,1.0000000000000002
3,ontology-00004,dependency-00004,0.9972779885116677
3,ontology-00004,iterative-00005,0.9969340604174801
3,ontology-00004,ontology-00005,0.9974021043750414
3,ontology-00004,dependency-00005,0.9970082590228342
3,dependency-00004,iterative-00000,0.9963573658294698
3,dependency-00004,ontology-00000,0.9968005924020598
3,dependency-00004,dependency-00000,0.9968930335375141
3,dependency-00004,iterative-00001,0.9968763442051297
3,dependency-00004,ontology-00001,0.996404300489946
3,dependency-00004,dependency-00001,0.9969267027973825
3,dependency-00004,iterative-00002,0.9967841598020414
3,dependency-00004,ontology-00002,0.9963720065559009
3,dependency-00004,dependency-00002,0.9973827311916541
3,dependency-00004,iterative-00003,0.9966987347983104
3,dependency-00004,ontology-00003,0.9965387688573636
3,dependency-00004,dependency-00003,0.996423319903847
3,dependency-00004,iterative-00004,0.997596733062447
3,dependency-00004,ontology-00004,0.9972779885116677
3,dependency-00004,dependency-00004,1.0000000000000004
3,dependency-00004,iterative-00005,0.996004345905648
3,dependency-00004,ontology-00005,0.9973120213726403
3,dependency-00004,dependency-00005,0.9964965034180127
3,iterative-00005,iterative-00000,0.9955099069674234
3,iterative-00005,ontology-00000,0.9965971503365665
3,iterative-00005,dependency-00000,0.9968007077135245
3,iterative-00005,iterative-00001,0.995655751715814
3,iterative-00005,ontology-00001,0.9961043200213687
3,iterative-00005,dependency-00001,0.9969652586408875
3,iterative-00005,iterative-00002,0.9961248230336087
3,iterative-00005,ontology-00002,0.9963082418949629
3,iterative-00005,dependency-00002,0.9966163054259309
3,iterative-00005,iterative-00003,0.9958243498979059
3,iterative-00005,ontology-00003,0.9956560889878563
3,iterative-00005,dependency-00003,0.9966672327822225
3,iterative-00005,iterative-00004,0.9968119132871724
3,iterative-00005,ontology-00004,0.9969340604174801
3,iterative-00005,dependency-00004,0.996004345905648
3,iterative-00005,iterative-00005,1.0
3,iterative-00005,ontology-00005,0.9970323285346772
3,iterative-00005,dependency-00005,0.9957478934186093
3,ontology-00005,iterative-00000,0.996911941837946
3,ontology-00005,ontology-00000,0.9970675036989383
3,ontology-00005,dependency-00000,0.9974938136779226
3,ontology-00005,iterative-00001,0.9968878425916187
3,ontology-00005,ontology-00001,0.9968784171126558
3,ontology-00005,dependency-00001,0.996449016217743
3,ontology-00005,iterative-00002,0.9970013168409992
3,ontology-00005,ontology-00002,0.997545682832551
3,ontology-00005,dependency-00002,0.9971434801127437
3,ontology-00005,iterative-00003,0.9968647142558937
3,ontology-00005,ontology-00003,0.9963253783789896
3,ontology-00005,dependency-00003,0.9972133243012473
3,ontology-00005,iterative-00004,0.9975804554680552
3,ontology-00005,ontology-00004,0.9974021043750412
3,ontology-00005,dependency-00004,0.9973120213726403
3,ontology-00005,iterative-00005,0.9970323285346772
3,ontology-00005,ontology-00005,1.0000000000000004
3,ontology-00005,dependency-00005,0.9966008037805822
3,dependency-00005,iterative-00000,0.9950380534232115
3,dependency-00005,ontology-00000,0.9962405627353816
3,dependency-00005,dependency-00000,0.9977177735622047
3,dependency-00005,iterative-00001,0.9963423913922852
3,dependency-00005,ontology-00001,0.9962261217996723
3,dependency-00005,dependency-00001,0.9972644646631594
3,dependency-00005,iterative-00002,0.9964624473361493
3,dependency-00005,ontology-00002,0.9956682101356533
3,dependency-00005,dependency-00002,0.9966717640094156
3,dependency-00005,iterative-00003,0.9971268736655297
3,dependency-00005,ontology-00003,0.9956176421794123
3,dependency-00005,dependency-00003,0.9968357511243364
3,dependency-00005,iterative-00004,0.9957309720586729
3,dependency-00005,ontology-00004,0.9970082590228341
3,dependency-00005,dependency-00004,0.9964965034180127
3,dependency-00005,iterative-00005,0.9957478934186093
3,dependency-00005,ontology-00005,0.9966008037805822
3,dependency-00005,dependency-00005,1.0
