policy,knowledge,objective,min_gain_sec,max_count_imbalance,p50,p95,p99,ttft_p50,ttft_p95,ttft_p99,tokens_per_sec,mean_gpu_busy,mean_slot_occupancy,pending_p95,waiting_p95,waiting_fraction,assignments,max_pending,overrides,seed
round_robin,prior,completion,0.0,1000000000,9.367653601790302,35.7121669465886,44.131392333074544,0.0891630050639769,9.250235357010457,13.146287412547991,714.5277030364435,0.9371338769312139,0.5513792059196472,85.05000000000001,37.05000000000001,0.8,"[150, 150]","[49, 52]",0,0
queue_size,prior,completion,0.0,1000000000,9.272265304136154,36.55866450502191,44.29809219351024,0.09091767013920737,8.796379697998255,12.372523828446894,716.3623221964301,0.9436948592026493,0.551760719141636,82.05000000000001,34.05000000000001,0.7933333333333333,"[151, 149]","[48, 49]",0,0
least_work,oracle,completion,0.0,1000000000,9.136827664643567,36.25184158861922,43.687906666342585,0.09293840653333163,9.189151170880661,12.39722754527319,729.6003351755081,0.9520844200226167,0.5624772017907167,82.0,34.0,0.81,"[143, 157]","[46, 51]",134,0
completion_oracle,oracle,completion,0.0,1000000000,9.338528848879207,35.89183887751435,43.4141877680283,0.09506079054086669,8.780259291217268,12.520098332692466,730.2490346798552,0.9626225114516787,0.560964012436436,82.05000000000001,34.05000000000001,0.7966666666666666,"[146, 154]","[47, 50]",116,0
ttft_oracle,oracle,ttft,0.0,1000000000,9.254156194614929,36.2759411137798,43.811291726315574,0.09401991989365399,8.775260770203667,12.323244844078305,722.247681598872,0.9479877146818986,0.5578883635868002,82.0,34.0,0.7866666666666666,"[162, 138]","[54, 42]",148,0
completion_helix,helix,completion,0.0,1000000000,9.128158031585045,35.828735548589066,42.762980767236556,0.08878260579413322,8.65695012799006,12.671641970125684,713.1277031791539,0.9322993701053286,0.5509991620981722,82.0,34.0,0.7833333333333333,"[149, 151]","[47, 49]",131,0
ttft_helix,helix,ttft,0.0,1000000000,9.307334879620765,36.61729548971226,42.92661778919757,0.08769176627253472,8.797516238787237,12.304186479765413,730.0099006075754,0.9520908472438707,0.5624141768429896,82.0,34.0,0.7933333333333333,"[153, 147]","[48, 48]",139,0
guarded_ttft_helix,helix,ttft,0.0,0,9.55568185604305,36.37827344301388,43.737533162271376,0.09502122295022275,8.950082041778435,12.792349606473126,717.3155581197667,0.9382252606864794,0.5519006065935439,83.0,35.0,0.8033333333333333,"[144, 156]","[48, 49]",74,0
guarded_ttft_oracle,oracle,ttft,0.0,0,9.463008220346193,36.38900595771176,43.15019754770678,0.09502122295022275,8.958593513868351,12.333229594071458,717.3232616167181,0.938328302788287,0.5519774810024795,83.0,35.0,0.7966666666666666,"[146, 154]","[49, 48]",88,0
guarded_ttft_helix,helix,ttft,0.25,0,9.239690892697537,35.53206907628945,43.75684084124227,0.089875207488614,8.829915904514957,12.734611690675656,719.3905070337247,0.9477598866802546,0.5534744292450633,82.05000000000001,34.05000000000001,0.7866666666666666,"[156, 144]","[49, 48]",31,0
guarded_ttft_oracle,oracle,ttft,0.25,0,9.160806902746316,35.52448593135449,42.22537703074738,0.09091767013920737,8.680356443725513,12.566550486246099,708.1700379807844,0.9266466289006804,0.5468428212186096,82.05000000000001,34.05000000000001,0.79,"[156, 144]","[48, 49]",19,0
guarded_ttft_helix,helix,ttft,0.75,0,9.324611797827435,35.914601021842536,44.144021869716425,0.09091767013920737,8.803354814661287,12.726898210944968,719.7688477952009,0.9484207831288011,0.553836750823693,82.05000000000001,34.05000000000001,0.7833333333333333,"[153, 147]","[48, 49]",7,0
guarded_ttft_oracle,oracle,ttft,0.75,0,9.375892484791365,35.440445304294805,42.80940724404422,0.089875207488614,8.795342826098306,12.587776756967111,721.1624949936622,0.9499237485163345,0.5552916408291916,83.0,35.0,0.7866666666666666,"[154, 146]","[49, 49]",18,0
guarded_ttft_helix,helix,ttft,0.0,1,9.30740222432144,37.20435307683315,44.481614341301025,0.09166523943972216,9.553704504817551,13.681872422525236,723.7693880930622,0.9439472260720236,0.5602148111347549,82.05000000000001,34.05000000000001,0.7733333333333333,"[146, 154]","[47, 48]",117,0
guarded_ttft_oracle,oracle,ttft,0.0,1,9.274601806804917,37.17788067524768,44.20509424960825,0.08915580980901794,9.544387285630835,13.923643330471023,725.8361828154362,0.9506513742924899,0.5603092260312013,82.05000000000001,34.05000000000001,0.78,"[144, 156]","[47, 48]",114,0
guarded_ttft_helix,helix,ttft,0.25,1,9.234758984375082,35.3737233594142,42.40613623422534,0.092033383399869,8.773424268004362,12.732912248795266,718.1882012177069,0.9458615606931388,0.5544799716924556,83.0,35.0,0.7866666666666666,"[153, 147]","[50, 48]",36,0
guarded_ttft_oracle,oracle,ttft,0.25,1,9.31443001441505,35.83335604387305,43.94059245686718,0.09371276144114127,8.67640653899179,12.588035068019689,730.0196459731903,0.9618861587710531,0.5625158760496114,82.05000000000001,34.05000000000001,0.7866666666666666,"[150, 150]","[48, 49]",38,0
guarded_ttft_helix,helix,ttft,0.75,1,9.319387944856208,36.07286340464593,44.93177751219045,0.092033383399869,8.817495405099756,12.734650820349216,720.3517251945657,0.949391197570221,0.5546994802084974,82.05000000000001,34.05000000000001,0.7866666666666666,"[152, 148]","[49, 48]",18,0
guarded_ttft_oracle,oracle,ttft,0.75,1,9.319743766316128,35.4326548749382,42.87138480024812,0.09091767013920737,8.795342826098306,12.594771476203398,724.2349548438343,0.9539211111222983,0.5576565740792203,82.05000000000001,34.05000000000001,0.7866666666666666,"[153, 147]","[48, 49]",17,0
guarded_ttft_helix,helix,ttft,0.0,2,9.356403736248343,36.40666242323663,43.54937197223725,0.09247864388962768,9.182442644294431,13.490962645997243,728.2544293475376,0.9480322435620956,0.562790107612196,82.05000000000001,34.05000000000001,0.7733333333333333,"[148, 152]","[47, 50]",123,0
guarded_ttft_oracle,oracle,ttft,0.0,2,9.426054051025368,35.57467576661126,43.65370936945908,0.09301720942615965,8.852017770947304,12.31762156132783,728.4426600315609,0.9479056616053367,0.5621134092526282,82.05000000000001,34.05000000000001,0.7733333333333333,"[150, 150]","[50, 47]",125,0
guarded_ttft_helix,helix,ttft,0.25,2,9.230020423909783,35.38113821585435,43.70739686943759,0.09091767013920737,8.773010325816001,12.732806549964527,727.9649695024713,0.9586529766978807,0.5602305522660814,83.0,35.0,0.7866666666666666,"[154, 146]","[50, 48]",34,0
guarded_ttft_oracle,oracle,ttft,0.25,2,9.314728695125728,35.672382631760605,45.11724326646383,0.092033383399869,8.677005453993994,12.569130483127815,702.8018011345022,0.9200920375839581,0.5455363560719972,82.05000000000001,34.05000000000001,0.79,"[152, 148]","[47, 50]",37,0
guarded_ttft_helix,helix,ttft,0.75,2,9.319387944856208,35.96034628999177,45.277267047296206,0.092033383399869,8.817495405099756,12.734650820349216,718.2139134425491,0.9465947170325177,0.5533885719926033,82.05000000000001,34.05000000000001,0.7866666666666666,"[152, 148]","[49, 48]",18,0
guarded_ttft_oracle,oracle,ttft,0.75,2,9.319743766316128,35.42273126101825,43.3532385915354,0.09091767013920737,8.795342826098306,12.594771476203398,727.234289946257,0.95784014595843,0.560164442970136,82.05000000000001,34.05000000000001,0.7866666666666666,"[152, 148]","[47, 50]",18,0
guarded_completion_helix,helix,completion,0.0,0,9.22682317835607,35.36307738670249,43.2783041430561,0.1001001842719127,8.703037073685856,13.27222335484472,726.2395082211547,0.9524593594681567,0.5591345688760023,83.05000000000001,35.05000000000001,0.8,"[152, 148]","[49, 49]",80,0
guarded_completion_oracle,oracle,completion,0.0,0,9.188479845086345,36.5866714133225,43.97724331862477,0.09063406564683163,8.643839791861915,13.064544035657537,730.4891658284494,0.9625680592351451,0.562401533373639,82.05000000000001,34.05000000000001,0.7966666666666666,"[147, 153]","[48, 48]",79,0
guarded_completion_helix,helix,completion,0.25,0,9.108169065647015,36.79118884523301,43.81064512416518,0.09257845647043617,8.447881318930602,13.652592457149563,730.448517491765,0.9552257666969415,0.5632182493643925,84.0,36.0,0.78,"[152, 148]","[50, 49]",42,0
guarded_completion_oracle,oracle,completion,0.25,0,9.278947896575708,35.867203599336584,43.31986596976756,0.08992559366701336,8.963993491814799,12.682524663993686,729.9791423739591,0.9612253869532306,0.5615907203549226,82.0,34.0,0.79,"[152, 148]","[48, 48]",39,0
guarded_completion_helix,helix,completion,0.75,0,9.24517816563773,36.10447142814877,43.95126763352894,0.08935489568230004,8.80355939933014,12.368316027069183,727.1373494908653,0.9584157103451718,0.559243736612836,82.05000000000001,34.05000000000001,0.7933333333333333,"[156, 144]","[49, 48]",33,0
guarded_completion_oracle,oracle,completion,0.75,0,9.402574630095145,35.50958267469416,43.40587173545475,0.08941865953733341,8.945987179692075,12.374055658486053,725.6496302897338,0.9401392667073449,0.5598930595129227,83.0,35.0,0.79,"[155, 145]","[49, 49]",23,0
guarded_completion_helix,helix,completion,0.0,1,9.189428238916847,35.85426716334629,42.67771546683498,0.0922552717948939,8.642081223314687,12.597561403528463,718.5137625878499,0.9429038771777091,0.553304339770524,82.05000000000001,34.05000000000001,0.8,"[153, 147]","[48, 49]",121,0
guarded_completion_oracle,oracle,completion,0.0,1,9.214266886487643,35.988380780134165,43.84090383715696,0.09043218744193271,8.884908445189334,12.53754420102453,728.3652060996649,0.9601642736638555,0.5601429989155897,82.05000000000001,34.05000000000001,0.7933333333333333,"[146, 154]","[48, 49]",111,0
guarded_completion_helix,helix,completion,0.25,1,9.374183437222303,36.55468342112487,43.78658587365841,0.0939389502643806,9.37831599537231,13.66267040978406,720.9929415507038,0.9354862807890532,0.5601113450450739,83.0,35.0,0.7933333333333333,"[153, 147]","[49, 48]",113,0
guarded_completion_oracle,oracle,completion,0.25,1,9.275611837795697,35.668625644646745,43.577253155767465,0.08781533356892979,8.620354526146114,12.856469941148692,729.7767431989092,0.9620194846177097,0.5607612329334059,82.05000000000001,34.05000000000001,0.79,"[152, 148]","[49, 48]",65,0
guarded_completion_helix,helix,completion,0.75,1,9.227090414088398,35.43847101724539,42.75337246731429,0.09367920727451562,8.759106298729973,13.097239932994826,716.0298761856899,0.9388114755953086,0.5527950586521575,83.0,35.0,0.79,"[158, 142]","[49, 49]",31,0
guarded_completion_oracle,oracle,completion,0.75,1,9.255726935020034,35.76717486587371,43.63514154721125,0.09629004912789796,8.723494732901745,12.545665810704723,728.1633208786187,0.9572266339444488,0.5601434758112889,82.05000000000001,34.05000000000001,0.7866666666666666,"[152, 148]","[48, 49]",33,0
guarded_completion_helix,helix,completion,0.0,2,9.27075613162419,35.91136941672595,43.49400947435673,0.09125308731606019,8.790927400223019,12.570682329587541,724.3068503153895,0.9508569821795229,0.5580969688357453,82.0,34.0,0.7933333333333333,"[148, 152]","[48, 48]",114,0
guarded_completion_oracle,oracle,completion,0.0,2,9.258060216037968,35.84494293976297,43.41499450592447,0.09386739255534948,8.780259291217268,12.508007973526738,730.7205584601918,0.9628062684644867,0.561178409562945,82.05000000000001,34.05000000000001,0.8,"[148, 152]","[49, 48]",113,0
guarded_completion_helix,helix,completion,0.25,2,9.433298524468885,35.71564967085363,43.95402583557106,0.09782988728312425,8.782005979987488,13.366587107255738,725.8147406217041,0.9396415046615862,0.5577591155340611,84.05000000000001,36.05000000000001,0.79,"[157, 143]","[50, 49]",107,0
guarded_completion_oracle,oracle,completion,0.25,2,9.25941030427396,36.42810176346246,43.643000980868024,0.08748375157048116,8.68206088730474,12.767840279146263,730.725442502001,0.963110487031703,0.5621162315582056,82.05000000000001,34.05000000000001,0.7866666666666666,"[150, 150]","[50, 47]",74,0
guarded_completion_helix,helix,completion,0.75,2,9.280819301024188,35.81918141020679,44.78201226285035,0.08967679821520669,9.109211910506097,12.360194128650035,705.3327953994303,0.9269869191240998,0.5453491730890536,82.05000000000001,34.05000000000001,0.79,"[154, 146]","[47, 50]",48,0
guarded_completion_oracle,oracle,completion,0.75,2,9.255634579223218,35.75373650454674,43.704798739457004,0.09685790180317255,8.724165299132014,12.546328257366936,727.5996658390352,0.9556976189810813,0.5598654469381038,82.05000000000001,34.05000000000001,0.7833333333333333,"[151, 149]","[48, 49]",25,0
round_robin,prior,completion,0.0,1000000000,22.43695499855562,48.561465943554644,54.63071797507725,8.798965426895709,22.217034087532483,23.740261924727875,905.6333722381538,0.9719899033697019,0.7409378673327109,123.0,75.0,0.8866666666666667,"[150, 150]","[64, 70]",0,1
queue_size,prior,completion,0.0,1000000000,22.514883901799664,47.018917418333075,55.33105500488848,8.85789379291988,21.292174745967444,23.784187164940086,897.3286356928372,0.9628611956793197,0.7312404177169947,124.0,76.0,0.8866666666666667,"[154, 146]","[68, 67]",0,1
least_work,oracle,completion,0.0,1000000000,22.30374206340587,47.23158366167316,55.40879629835058,9.157564288103057,21.52755151022878,23.449313870627073,923.3431595939464,0.9899268497550322,0.7528513557758112,125.0,77.0,0.8933333333333333,"[154, 146]","[68, 68]",148,1
completion_oracle,oracle,completion,0.0,1000000000,22.27649972905443,48.35615722976441,54.99492835122069,8.93229843829895,21.976752367133724,22.822665231540583,922.7970951065269,0.989023042275265,0.7510905510227694,125.0,77.0,0.9,"[153, 147]","[67, 64]",116,1
ttft_oracle,oracle,ttft,0.0,1000000000,22.82259635011936,48.80539245904982,55.60169509095118,8.868391658121752,22.092631423777306,22.875441046548566,909.919611618248,0.9671409356232491,0.7471384120542846,124.05000000000001,76.05000000000001,0.8966666666666666,"[149, 151]","[66, 67]",136,1
completion_helix,helix,completion,0.0,1000000000,22.377759424582237,48.01746616613453,55.426136299047414,8.753948019423856,21.81326766593691,22.734682439960153,923.7306051380504,0.9868239613179843,0.75286532178122,124.0,76.0,0.8933333333333333,"[153, 147]","[67, 67]",125,1
ttft_helix,helix,ttft,0.0,1000000000,22.661234671493137,48.51799138785416,54.003699340961916,8.119497949425483,22.733053458720132,24.851405940113118,912.0631833404544,0.9639574881623897,0.7487225307573142,122.05000000000001,74.05000000000001,0.8966666666666666,"[153, 147]","[66, 68]",140,1
guarded_ttft_helix,helix,ttft,0.0,0,22.22686061815279,49.33099501076407,55.298580482898856,8.74633716119852,21.432956185927107,23.6943024005299,904.5149059261328,0.9691987638973525,0.7389320004402894,125.0,77.0,0.8933333333333333,"[151, 149]","[66, 67]",73,1
guarded_ttft_oracle,oracle,ttft,0.0,0,22.718964930364113,48.114468971681106,54.66503615533312,8.765339013023299,20.98726882873529,25.101487540023136,916.5857476931077,0.9764038886595069,0.7485377926462236,124.0,76.0,0.8933333333333333,"[155, 145]","[66, 65]",60,1
guarded_ttft_helix,helix,ttft,0.25,0,22.30857598236948,48.72997854411674,55.67380678043236,8.80309349197146,20.725825327302687,26.055862967408427,891.9682908000543,0.9583281294422394,0.7296209090164977,124.0,76.0,0.8866666666666667,"[155, 145]","[67, 67]",30,1
guarded_ttft_oracle,oracle,ttft,0.25,0,22.464515121905645,48.99058560043495,55.11382611533247,8.865974769233073,21.205235837091823,23.61770217182861,909.1485065189701,0.9742862412713804,0.7419947484432776,124.05000000000001,76.05000000000001,0.8866666666666667,"[153, 147]","[66, 67]",30,1
guarded_ttft_helix,helix,ttft,0.75,0,22.474324618616123,49.157346599791495,54.84196850153619,8.803015567303202,20.842835453479562,26.267546585147674,896.8906401420774,0.9630188295108026,0.7323890550033498,124.0,76.0,0.8866666666666667,"[154, 146]","[66, 67]",30,1
guarded_ttft_oracle,oracle,ttft,0.75,0,22.683971840978543,48.50814259760349,54.99387597062517,8.864570528639486,20.960882555467133,23.66480504710352,909.377045760668,0.9686868723474108,0.7437040804944641,125.0,77.0,0.8866666666666667,"[154, 146]","[66, 66]",23,1
guarded_ttft_helix,helix,ttft,0.0,1,22.612272922749664,48.00832096394403,54.33458306929993,8.977201600986465,21.388465729888715,24.592723654149363,922.2100281407335,0.9809824298932678,0.7530155692870755,125.0,77.0,0.89,"[150, 150]","[67, 68]",125,1
guarded_ttft_oracle,oracle,ttft,0.0,1,22.273066865992647,48.12144493536184,54.79460145304152,8.951553358844475,21.86912904885423,23.231078418645943,916.4418134336157,0.9748800812571383,0.7473874744008184,123.0,75.0,0.89,"[155, 145]","[66, 67]",127,1
guarded_ttft_helix,helix,ttft,0.25,1,22.359447267464233,48.49791578664201,54.33975428155436,8.514786703611817,21.52786912792244,23.731946947963344,922.5432137895228,0.9880283070151957,0.7509373583624617,123.05000000000001,75.05000000000001,0.8866666666666667,"[155, 145]","[68, 67]",65,1
guarded_ttft_oracle,oracle,ttft,0.25,1,22.596855563782945,47.73727632923565,55.12231727002289,8.86091301764303,21.76348833341037,22.6301508130894,909.563276467448,0.9734416714664941,0.7439034937882327,125.0,77.0,0.8866666666666667,"[153, 147]","[68, 67]",76,1
guarded_ttft_helix,helix,ttft,0.75,1,22.698875749051307,48.08414633432037,54.862393988701115,8.706434891043425,21.886742613286543,24.236478435568806,918.0713615881997,0.9831947128985541,0.7485685005299438,124.05000000000001,76.05000000000001,0.8866666666666667,"[152, 148]","[68, 67]",60,1
guarded_ttft_oracle,oracle,ttft,0.75,1,22.699806343616867,48.25499999349316,54.686106534857764,8.861704238565233,21.36072784115309,23.316660900281484,915.1916479768755,0.9803917443061883,0.7466596468013174,125.0,77.0,0.8866666666666667,"[156, 144]","[68, 67]",67,1
guarded_ttft_helix,helix,ttft,0.0,2,22.298796491873798,48.26135014834209,54.997870399510006,8.976986435291439,21.72063735080104,23.497337829024815,923.2214989952884,0.987486187518477,0.7532214444214562,124.0,76.0,0.8933333333333333,"[155, 145]","[66, 68]",131,1
guarded_ttft_oracle,oracle,ttft,0.0,2,22.638902781622072,47.77105912588228,55.03685271058748,9.055108740194534,21.19361220280331,23.46967359397449,909.0458705575696,0.9740059026638613,0.7436557166196336,124.05000000000001,76.05000000000001,0.8966666666666666,"[153, 147]","[68, 66]",128,1
guarded_ttft_helix,helix,ttft,0.25,2,22.314979955072985,47.714010226910524,54.39163923004479,8.552020840049982,21.707612507857757,24.745516500163056,920.9231421307621,0.9848333859349511,0.7488941834282656,123.05000000000001,75.05000000000001,0.8866666666666667,"[157, 143]","[69, 66]",70,1
guarded_ttft_oracle,oracle,ttft,0.25,2,22.387120559897802,48.53641773197804,54.98850756929592,8.858798203686838,21.772084895998912,22.91908950499058,912.3714736650156,0.97756839813227,0.7449112049196998,125.0,77.0,0.8866666666666667,"[149, 151]","[66, 67]",69,1
guarded_ttft_helix,helix,ttft,0.75,2,22.837958397709905,49.37182098537572,55.4725521215804,8.706434891043425,21.523627311206308,23.347363097480397,904.0929450349353,0.9685530835340221,0.7410035382869459,124.0,76.0,0.8866666666666667,"[154, 146]","[67, 66]",45,1
guarded_ttft_oracle,oracle,ttft,0.75,2,22.530956189871315,47.62163449657017,55.73897477991136,8.864277374686637,21.82106163712238,22.867630874156347,914.9533794265739,0.9789021981836832,0.7462483644808005,123.0,75.0,0.8866666666666667,"[154, 146]","[64, 67]",59,1
guarded_completion_helix,helix,completion,0.0,0,22.702890302052435,48.00877755343817,55.00495661919773,8.52650990557292,20.924562509669183,24.01014309946318,911.8584052463509,0.9760049909938568,0.7438209375515166,125.0,77.0,0.89,"[153, 147]","[66, 67]",54,1
guarded_completion_oracle,oracle,completion,0.0,0,22.592599934052608,47.939292294031716,55.21939379185419,8.900076696112215,21.905733252091267,23.536713235082882,920.4566202036965,0.9877330809649022,0.7496993393250622,124.0,76.0,0.8966666666666666,"[152, 148]","[67, 66]",67,1
guarded_completion_helix,helix,completion,0.25,0,22.441054191776946,48.72607116030839,54.587258031922104,8.553184142991723,21.73025534415536,23.960524309537643,907.239200601594,0.9722588608719844,0.739514795298682,123.05000000000001,75.05000000000001,0.8933333333333333,"[154, 146]","[67, 67]",18,1
guarded_completion_oracle,oracle,completion,0.25,0,22.367742040315214,47.92892084462058,54.87711802525169,8.743097439044979,21.91727026197633,23.58643721569957,923.3474291722135,0.9911048311728816,0.7517570222941593,124.0,76.0,0.9,"[147, 153]","[67, 67]",32,1
guarded_completion_helix,helix,completion,0.75,0,22.196240552402422,47.28740540385207,55.376198916361304,9.116101703749521,20.543046424868116,26.544328706479128,897.676154053355,0.9636009799839297,0.7356064607650754,123.05000000000001,75.05000000000001,0.89,"[147, 153]","[66, 66]",34,1
guarded_completion_oracle,oracle,completion,0.75,0,22.28940873284368,47.90404596020905,54.450418289043476,8.831846699788812,21.64109438343163,23.50893072111092,918.5602703562979,0.982264710291753,0.7491866505615465,123.0,75.0,0.89,"[150, 150]","[66, 66]",38,1
guarded_completion_helix,helix,completion,0.0,1,22.177506527307504,49.61541545456251,54.86892576153197,8.963624493155459,22.483325019255595,26.941562553619924,864.9374443535772,0.9242205337479567,0.7104512861493817,123.0,75.0,0.8933333333333333,"[145, 155]","[67, 66]",123,1
guarded_completion_oracle,oracle,completion,0.0,1,22.32851879617743,48.864871971149725,55.24076240825404,8.990743369447337,21.529222054221616,23.827824629205267,909.6846151472852,0.9770746035224871,0.7430488967532346,124.05000000000001,76.05000000000001,0.9,"[154, 146]","[66, 68]",119,1
guarded_completion_helix,helix,completion,0.25,1,22.27372479664584,46.2805180627325,54.28080376990367,8.866128032083301,21.915874243445252,24.93668423235231,891.3759566753441,0.9586034975563947,0.7266831708688402,124.0,76.0,0.89,"[157, 143]","[67, 67]",83,1
guarded_completion_oracle,oracle,completion,0.25,1,22.654259489977534,47.839993288149365,55.00924566153945,8.843156503803991,21.781468287894473,23.35621466649952,919.4543537363395,0.9865967566249609,0.7490408735618868,124.05000000000001,76.05000000000001,0.8966666666666666,"[149, 151]","[66, 67]",77,1
guarded_completion_helix,helix,completion,0.75,1,22.53847579064849,47.661093278299035,54.45826728173459,9.072492679733013,20.82252417057639,24.865194334326176,922.2161787242226,0.9872627129667231,0.7501312532773079,124.05000000000001,76.05000000000001,0.8933333333333333,"[154, 146]","[67, 66]",94,1
guarded_completion_oracle,oracle,completion,0.75,1,22.50311402036012,48.36656650700773,54.8049896170245,8.825855021092629,22.059197986860006,23.173035494960374,922.3384106198558,0.9873458557801219,0.7507059983980449,124.0,76.0,0.89,"[148, 152]","[66, 67]",56,1
guarded_completion_helix,helix,completion,0.0,2,22.10941352015415,48.657244673713286,55.603698739931296,8.767209433410022,21.681375677509124,24.207033282811256,907.2671191455498,0.9723490427988151,0.740726155357846,124.0,76.0,0.8933333333333333,"[146, 154]","[67, 65]",127,1
guarded_completion_oracle,oracle,completion,0.0,2,22.471795194336643,48.47648596491802,55.15467147514357,8.927967566192844,21.96936259607041,22.852962762334137,922.6522642433378,0.9895081852564123,0.7513476853315774,124.0,76.0,0.9,"[152, 148]","[66, 67]",118,1
guarded_completion_helix,helix,completion,0.25,2,22.159864933152132,46.94938187529345,55.0801931626912,8.79093772659568,21.574603694493405,23.210076351683497,910.1212798818236,0.975000715927187,0.743208899186518,124.0,76.0,0.8933333333333333,"[157, 143]","[68, 67]",107,1
guarded_completion_oracle,oracle,completion,0.25,2,22.42907058560435,48.66692514283543,55.066808157192085,8.843324942373936,21.734522195455856,23.456064976616165,909.6191251005204,0.9781469195164314,0.741149383530459,125.0,77.0,0.8966666666666666,"[150, 150]","[67, 65]",86,1
guarded_completion_helix,helix,completion,0.75,2,22.733906543422826,48.098481057346305,54.30275799334695,9.072492679733013,21.385519641968592,24.05565275043254,917.9684127706863,0.9825869576314675,0.7497206296198451,124.0,76.0,0.8933333333333333,"[154, 146]","[68, 65]",92,1
guarded_completion_oracle,oracle,completion,0.75,2,22.255538262745112,48.21391486252325,55.34867479131014,8.827818796419873,21.98414604130302,22.729060776083436,916.9490178558445,0.9807721077509202,0.7482973453750338,124.05000000000001,76.05000000000001,0.89,"[152, 148]","[66, 65]",53,1
round_robin,prior,completion,0.0,1000000000,10.163009376282094,35.65024551107562,42.259214335834855,0.14196604933298218,7.609481590006842,8.847579023659952,709.8121568052904,0.9142900868427518,0.5403844127083168,76.05000000000001,28.05000000000001,0.8366666666666667,"[150, 150]","[45, 46]",0,2
queue_size,prior,completion,0.0,1000000000,10.107357449567644,35.9546382780755,41.391309080600834,0.12552816605721073,7.9866468931191035,9.486864599753902,718.2719289177656,0.9180996844640885,0.5478152860165416,78.05000000000001,30.05000000000001,0.8366666666666667,"[153, 147]","[45, 46]",0,2
least_work,oracle,completion,0.0,1000000000,10.231411580506887,35.63556556501701,41.06641708957697,0.13225057079383618,7.140319236534011,8.49394835518264,726.2663923970781,0.9367049915230037,0.5524708067140564,77.05000000000001,29.05000000000001,0.8566666666666667,"[146, 154]","[41, 50]",140,2
completion_oracle,oracle,completion,0.0,1000000000,10.063586461474824,36.052401083241165,41.593606889515215,0.11913206435192691,6.64724476424156,8.2161804385507,725.3422866379074,0.9373169440440179,0.5514083069768222,78.05000000000001,30.05000000000001,0.8333333333333334,"[152, 148]","[45, 45]",105,2
ttft_oracle,oracle,ttft,0.0,1000000000,10.367144960749307,35.59393036618393,42.56640307671963,0.12174188488832272,6.548545286031909,8.188114360376426,723.1605804297484,0.927879012566833,0.5532653962310105,79.05000000000001,31.05000000000001,0.8366666666666667,"[142, 158]","[48, 43]",130,2
completion_helix,helix,completion,0.0,1000000000,10.65242856943729,35.866587484672934,42.05804215994155,0.12816214754555944,6.995575502895854,9.19392205479358,710.6689530575479,0.9063759217724487,0.5423641392092355,79.05000000000001,31.05000000000001,0.8333333333333334,"[147, 153]","[44, 49]",100,2
ttft_helix,helix,ttft,0.0,1000000000,10.194897619290757,35.529591007144965,42.457468703213586,0.13783539766343944,6.820084195478279,8.28400655318623,713.5660171559566,0.9154504435527588,0.5471791390460305,77.05000000000001,29.05000000000001,0.8366666666666667,"[151, 149]","[50, 42]",132,2
guarded_ttft_helix,helix,ttft,0.0,0,10.247049551859696,36.43868026606193,42.02747434268089,0.13595591046288824,7.1390590161723475,9.632384122820277,708.110083726126,0.9130857286543109,0.5392976532196889,79.05000000000001,31.05000000000001,0.83,"[152, 148]","[45, 46]",63,2
guarded_ttft_oracle,oracle,ttft,0.0,0,10.409600290371868,36.01819751690833,42.13605025049812,0.12848859037130822,6.8423639337714,8.620695779164903,712.2428027136546,0.9133064598444038,0.5427104392859583,78.0,30.0,0.8266666666666667,"[154, 146]","[45, 45]",80,2
guarded_ttft_helix,helix,ttft,0.25,0,10.107357449567644,35.895026053773705,40.92149780529045,0.1235942696663157,8.114558646582505,10.087538591644483,722.5483793805444,0.92361743468905,0.5507654118014937,80.05000000000001,32.05000000000001,0.8366666666666667,"[149, 151]","[46, 46]",25,2
guarded_ttft_oracle,oracle,ttft,0.25,0,10.19727049568429,36.0078859284531,40.30927076809112,0.131640566619029,7.466532345642126,8.938039398962907,716.1094953693915,0.9141161794676971,0.5450687689370792,77.05000000000001,29.05000000000001,0.84,"[152, 148]","[45, 45]",27,2
guarded_ttft_helix,helix,ttft,0.75,0,9.955105296628057,35.874359733313526,40.50613695035622,0.14539373940998246,7.627015693070778,9.486077232935246,722.289274144998,0.9220640586692418,0.5505771985362846,76.05000000000001,28.05000000000001,0.84,"[156, 144]","[44, 44]",23,2
guarded_ttft_oracle,oracle,ttft,0.75,0,9.989175342654638,36.0139302468589,40.830578822557435,0.131640566619029,7.66323249786835,9.242869929223119,718.4952797290499,0.9188387655980972,0.546248703536641,77.05000000000001,29.05000000000001,0.84,"[152, 148]","[45, 45]",27,2
guarded_ttft_helix,helix,ttft,0.0,1,10.412672876041103,36.11267592156704,41.9669783043509,0.13686894701016428,6.8406379330969855,8.704830489539885,721.6521324793144,0.9332792196991042,0.5502027278861198,77.05000000000001,29.05000000000001,0.8366666666666667,"[147, 153]","[46, 45]",117,2
guarded_ttft_oracle,oracle,ttft,0.0,1,10.325676096316347,36.127043064865326,41.953894430308694,0.1425586100451124,6.726802583463808,8.14637459186023,719.8104109537326,0.9306516024082372,0.5486856024028852,78.05000000000001,30.05000000000001,0.8366666666666667,"[152, 148]","[46, 44]",117,2
guarded_ttft_helix,helix,ttft,0.25,1,10.0597313863728,36.3914929368633,41.69500922385153,0.13181548336493787,7.256672843668023,8.975446424588512,715.6631007286177,0.9147749527643825,0.5448619429054181,78.05000000000001,30.05000000000001,0.8366666666666667,"[153, 147]","[45, 46]",47,2
guarded_ttft_oracle,oracle,ttft,0.25,1,9.910033549913502,36.04451498139546,41.70870956294455,0.11223573534896758,7.317659557377352,9.499152180275155,717.3636013692989,0.916402074030328,0.5464914795557579,76.0,28.0,0.8366666666666667,"[158, 142]","[44, 43]",46,2
guarded_ttft_helix,helix,ttft,0.75,1,10.278091946164281,35.55144651148935,40.720076856831284,0.14539373940998246,7.534474830939553,8.447312886533151,711.120770157804,0.9017094852647447,0.5424730944882774,77.05000000000001,29.05000000000001,0.84,"[150, 150]","[44, 46]",48,2
guarded_ttft_oracle,oracle,ttft,0.75,1,10.107357449567644,35.926048203589545,40.919265890926106,0.1248383862255551,7.627313139575989,9.981003608116223,717.154238866367,0.9174101763941278,0.5458045519909067,78.05000000000001,30.05000000000001,0.8366666666666667,"[150, 150]","[45, 47]",45,2
guarded_ttft_helix,helix,ttft,0.0,2,10.1590996585242,35.811787665797155,42.53887670564137,0.1254742570335381,7.134295083713623,8.428854546524434,719.7134461805326,0.9258586988249153,0.5482617968985875,79.05000000000001,31.05000000000001,0.8233333333333334,"[147, 153]","[46, 46]",124,2
guarded_ttft_oracle,oracle,ttft,0.0,2,10.443067360299928,36.2343324067506,41.902417459118595,0.13016686222503182,6.63924021902579,9.054177302131531,724.8718424785338,0.9246920037404929,0.5526142757705437,78.05000000000001,30.05000000000001,0.8233333333333334,"[147, 153]","[45, 47]",132,2
guarded_ttft_helix,helix,ttft,0.25,2,9.95762765080931,36.24639332745191,41.68440318864372,0.13181548336493787,7.298480120797061,8.459549973965663,718.9761660386544,0.9180868937262665,0.5479342734777797,77.05000000000001,29.05000000000001,0.8366666666666667,"[158, 142]","[45, 45]",41,2
guarded_ttft_oracle,oracle,ttft,0.25,2,10.107357449567644,36.26166816291901,41.863536378407765,0.14780804067999043,6.7331544712887075,7.910389456378567,721.9705451935456,0.9221657885223458,0.550525423570792,77.05000000000001,29.05000000000001,0.8366666666666667,"[156, 144]","[46, 44]",52,2
guarded_ttft_helix,helix,ttft,0.75,2,9.896590941484043,35.999697302972514,41.00499441965043,0.12202116395478413,7.587017549401731,9.535588967804106,718.3958650284949,0.9170071616501388,0.5470890474105099,76.05000000000001,28.05000000000001,0.8366666666666667,"[157, 143]","[45, 45]",43,2
guarded_ttft_oracle,oracle,ttft,0.75,2,10.139295675846494,35.922169323989756,41.5352095724244,0.1396473839696597,7.492504563144584,9.343249266324149,718.4280569354373,0.9188842544458503,0.5478518617715258,79.05000000000001,31.05000000000001,0.8366666666666667,"[153, 147]","[45, 47]",46,2
guarded_completion_helix,helix,completion,0.0,0,10.31477809962224,36.0665242564915,42.0833157760994,0.13663446123197787,6.9099495694236115,9.04162489473072,718.3833964047211,0.9120846015237494,0.548136820336681,78.05000000000001,30.05000000000001,0.8433333333333334,"[156, 144]","[45, 45]",52,2
guarded_completion_oracle,oracle,completion,0.0,0,10.242414046020755,36.150854224120195,41.6648315329456,0.13460683023370734,7.222807176870961,9.986943637515244,724.4980295377812,0.9339266317957156,0.5527915533421166,78.05000000000001,30.05000000000001,0.83,"[146, 154]","[45, 45]",72,2
guarded_completion_helix,helix,completion,0.25,0,9.900848029509035,36.09729077800211,41.7284501928824,0.14206836410971135,7.166555505426977,8.667100467718964,705.9182168454383,0.9085769406427098,0.5364849464056625,76.05000000000001,28.05000000000001,0.8233333333333334,"[151, 149]","[45, 44]",66,2
guarded_completion_oracle,oracle,completion,0.25,0,10.10636548627626,36.055315314726386,41.67124174535871,0.15276394636853396,7.253952957699385,8.766934245456873,713.611509853304,0.9217420628141619,0.542455889699247,77.05000000000001,29.05000000000001,0.85,"[152, 148]","[46, 45]",36,2
guarded_completion_helix,helix,completion,0.75,0,10.107357449567644,36.14360956901041,41.4133569522632,0.12189621629597891,7.147988997721642,8.482958446118992,721.0842372026038,0.9209371753134334,0.5501956939480721,78.05000000000001,30.05000000000001,0.8366666666666667,"[152, 148]","[46, 46]",14,2
guarded_completion_oracle,oracle,completion,0.75,0,10.210204963475203,35.99879253066923,41.27623053714342,0.14218383467456874,6.637728569889514,8.377970600922945,709.0003379954086,0.9166414748932732,0.5389586281056226,79.05000000000001,31.05000000000001,0.8433333333333334,"[153, 147]","[46, 45]",36,2
guarded_completion_helix,helix,completion,0.0,1,10.395603192367142,36.06635007698353,41.949097430075895,0.13624486396724222,7.592533485652476,9.282823213491225,723.1918288596804,0.927158699027619,0.550522702270881,79.05000000000001,31.05000000000001,0.8333333333333334,"[148, 152]","[47, 45]",100,2
guarded_completion_oracle,oracle,completion,0.0,1,10.108710233282688,36.154474680357794,41.776257661592965,0.13565244707172885,6.674467975780927,8.10877134518676,722.5829117240559,0.9330553501392573,0.5496880916610642,79.05000000000001,31.05000000000001,0.8333333333333334,"[149, 151]","[46, 45]",83,2
guarded_completion_helix,helix,completion,0.25,1,10.64953001419915,36.073110384575436,40.20791251517782,0.12948176694829527,7.419517334614775,10.232163602138723,725.8795941166575,0.9281893699632263,0.5517674262529968,78.05000000000001,30.05000000000001,0.83,"[142, 158]","[47, 45]",62,2
guarded_completion_oracle,oracle,completion,0.25,1,10.139167649739196,36.19843198743168,41.901898559987906,0.11594103421715829,6.672341733229612,8.518823636567678,721.8207999130009,0.9244537100336798,0.5497966614402279,78.05000000000001,30.05000000000001,0.8466666666666667,"[149, 151]","[44, 46]",61,2
guarded_completion_helix,helix,completion,0.75,1,9.930555733187434,36.30691798485357,41.43699223658318,0.12189621629597891,7.56985854105487,9.173563420932094,721.4251036097737,0.9210561186384076,0.5486462830351888,77.05000000000001,29.05000000000001,0.8366666666666667,"[156, 144]","[45, 44]",42,2
guarded_completion_oracle,oracle,completion,0.75,1,10.255371548470425,36.05807890091745,41.45235999346663,0.1308338846281245,6.761189995951696,8.136853179461518,724.5295713572166,0.9310524508377178,0.5512661824720485,78.05000000000001,30.05000000000001,0.8466666666666667,"[149, 151]","[45, 46]",23,2
guarded_completion_helix,helix,completion,0.0,2,10.394631009752546,35.810864559338064,42.01029672259928,0.1312550574568121,7.165533627598862,8.994617487450336,713.6799890289233,0.9147804649025226,0.5440672106413377,79.05000000000001,31.05000000000001,0.8366666666666667,"[150, 150]","[44, 47]",99,2
guarded_completion_oracle,oracle,completion,0.0,2,10.063586461474824,36.052401083241165,41.593606889515215,0.11913206435192691,6.64724476424156,8.2161804385507,725.3422866379074,0.9373169440440179,0.5514083069768222,78.05000000000001,30.05000000000001,0.8333333333333334,"[152, 148]","[45, 45]",105,2
guarded_completion_helix,helix,completion,0.25,2,10.416969002966333,35.992209823752376,40.508686347676026,0.13338445370946062,7.066697835154284,7.981328686146811,722.8870063875888,0.9289260612167874,0.5487851186661196,77.0,29.0,0.8466666666666667,"[146, 154]","[44, 46]",89,2
guarded_completion_oracle,oracle,completion,0.25,2,10.069289264066459,36.23169032283534,41.96873219731262,0.1166485034207767,6.608962396860303,8.144662215385127,724.9924175030645,0.9297393664620004,0.5510688111086421,78.05000000000001,30.05000000000001,0.8466666666666667,"[151, 149]","[46, 45]",51,2
guarded_completion_helix,helix,completion,0.75,2,9.917553063892798,35.975913699213635,41.703548382679955,0.13332030091062919,7.451607239828883,8.570392663699453,728.6509449752955,0.9252571744969909,0.5531877982387425,76.0,28.0,0.84,"[153, 147]","[44, 46]",48,2
guarded_completion_oracle,oracle,completion,0.75,2,10.284704046089178,36.206585732032174,41.58773226912436,0.12207684233966631,6.716263103796902,8.484406873735724,723.8526248698564,0.929646101915917,0.5508532420505117,78.05000000000001,30.05000000000001,0.8433333333333334,"[150, 150]","[45, 45]",36,2
